"specimen";"num_amtl";"age_at_death";"age_sd";"prob_male";"genus";"sockets";"pop"
"AMNH99.1/100";0;37.5591283;6.89761633;0.5;"Homo sapiens";32;"Alaska"
"AMNH99.1/101";10;39.0329661;7.2151844;0.25;"Homo sapiens";22;"Alaska"
"AMNH99.1/102";1;34.8934044;5.70308472;0.25;"Homo sapiens";32;"Alaska"
"AMNH99.1/103";0;29.6004044;5.18766442;0.5;"Homo sapiens";32;"Alaska"
"AMNH99.1/104";0;44.0440145;8.29624584;0.25;"Homo sapiens";32;"Alaska"
"AMNH99.1/105";0;32.5480799;5.81978104;0.75;"Homo sapiens";32;"Alaska"
"AMNH99.1/107";3;56.1166683;10.2682079;0.5;"Homo sapiens";25;"Alaska"
"AMNH99.1/109";6;43.749247;8.23260632;0.75;"Homo sapiens";30;"Alaska"
"AMNH99.1/110";2;41.9806416;7.85088419;0.75;"Homo sapiens";15;"Alaska"
"AMNH99.1/111";0;42.2754092;7.9144902;0.5;"Homo sapiens";32;"Alaska"
"AMNH99.1/112";6;43.749247;8.23260632;0.25;"Homo sapiens";31;"Alaska"
"AMNH99.1/160";5;55;15;0.25;"Homo sapiens";13;"Alaska"
"AMNH99.1/59";14;48.8;10.5;0.25;"Homo sapiens";26;"Alaska"
"AMNH99.1/59-B";0;40;10;0.25;"Homo sapiens";16;"Alaska"
"AMNH99.1/60";2;37.8538959;6.96111299;0.5;"Homo sapiens";16;"Alaska"
"AMNH99.1/61";0;34.3166852;6.19980411;0.75;"Homo sapiens";32;"Alaska"
"AMNH99.1/64";6;43.1468959;7.47240717;0.25;"Homo sapiens";30;"Alaska"
"AMNH99.1/72";1;46.1073874;8.74186019;0.75;"Homo sapiens";31;"Alaska"
"AMNH99.1/75-A";0;31.3690097;5.56672472;0.75;"Homo sapiens";32;"Alaska"
"AMNH99.1/77";4;45.2;12.6;0.75;"Homo sapiens";31;"Alaska"
"AMNH99.1/79";2;39.4;9.1;0.25;"Homo sapiens";16;"Alaska"
"AMNH99.1/80(a)";1;46.1073874;8.74186019;0.75;"Homo sapiens";16;"Alaska"
"AMNH99.1/80(b)";0;43.749247;8.23260632;0.75;"Homo sapiens";15;"Alaska"
"AMNH99.1/83-A";7;32.0178426;3.7220627;0.25;"Homo sapiens";30;"Alaska"
"AMNH99.1/84-A";0;30.7794746;5.44029653;0.25;"Homo sapiens";32;"Alaska"
"AMNH99.1/84-B";12;48.8;10.5;0.25;"Homo sapiens";28;"Alaska"
"AMNH99.1/84-C";3;46.1073874;8.74186019;0.25;"Homo sapiens";16;"Alaska"
"AMNH99.1/84-D";0;33.137615;5.94640065;0.25;"Homo sapiens";16;"Alaska"
"AMNH99.1/86-C";5;47.2736416;8.3605854;0.25;"Homo sapiens";31;"Alaska"
"AMNH99.1/86-D";9;50.8236683;9.7611705;0.25;"Homo sapiens";28;"Alaska"
"AMNH99.1/87";8;45.2;12.6;0.75;"Homo sapiens";29;"Alaska"
"AMNH99.1/89-A";0;43.749247;8.23260632;0.75;"Homo sapiens";32;"Alaska"
"AMNH99.1/89-B";0;28.4213341;4.93536963;0.75;"Homo sapiens";32;"Alaska"
"AMNH99.1/90";12;55;15;0.75;"Homo sapiens";30;"Alaska"
"AMNH99.1/91-A";11;31.9585448;5.69322104;0.75;"Homo sapiens";32;"Alaska"
"AMNH99.1/91-B";9;50.8236683;9.7611705;0.5;"Homo sapiens";30;"Alaska"
"AMNH99.1/94";0;34.3166852;6.19980411;0.25;"Homo sapiens";32;"Alaska"
"AMNH99.1/96-A";0;37.8538959;6.96111299;0.75;"Homo sapiens";32;"Alaska"
"AMNH99.1/97";8;36.6748257;6.70718105;0.75;"Homo sapiens";30;"Alaska"
"AMNH99.1/98";2;30.7794746;5.44029653;0.75;"Homo sapiens";32;"Alaska"
"AMNH99.1/99";0;31.9585448;5.69322104;0.25;"Homo sapiens";32;"Alaska"
"BM1868.4.16.2";0;12.47378;3.29146087;1;"Pongo";32;"Borneo"
"BM1884.10.30.1";0;13.686453;3.71761878;1;"Pongo";16;"Borneo"
"BM1884.10.30.2";2;13.686453;3.71761878;1;"Pongo";32;"Borneo"
"BM1886.12.20.10";0;14.1715222;3.88831042;1;"Pongo";32;"Borneo"
"BM1898.2.28.11";0;13.9289876;3.80295048;1;"Pongo";32;"Borneo"
"BM1899.11.6.1";0;17.1217143;3.06608828;0;"Papio";32;"Arabia"
"BM1899.6.10.2";0;18.5922731;3.4773143;1;"Papio";32;"East Africa"
"BM1899.7.8.1";0;23.0253446;4.35428022;1;"Papio";32;"East Africa"
"BM1900.3.18.1";0;18.5922731;3.4773143;1;"Papio";32;"East Africa"
"BM1900.6.28.1";0;11.454619;2.00186723;1;"Papio";32;"Arabia"
"BM1901.2.13.1";0;18.9952796;3.55691242;1;"Papio";32;"West Africa"
"BM1901.8.9.23";0;18.5922731;3.4773143;0;"Papio";32;"East Africa"
"BM1902.11.22.1";0;12.485;2.19399907;1;"Papio";32;"Arabia"
"BM1902.9.2.1";0;19.8012926;3.71619727;1;"Papio";32;"East Africa"
"BM1902.9.9.3";0;22.6223381;4.27445115;1;"Papio";29;"East Africa"
"BM1904.11.5.2";0;21.4133186;4.03507241;1;"Papio";32;"East Africa"
"BM1904.8.2.1";0;12.485;2.19399907;1;"Papio";32;"Arabia"
"BM1904.8.2.3";0;17.1217143;3.06608828;1;"Papio";32;"East Africa"
"BM1905.5.10.1";0;21.8163251;4.1148462;1;"Papio";32;"West Africa"
"BM1906.11.1.6";0;20.2042991;3.79588028;1;"Papio";32;"East Africa"
"BM1907.7.8.11";0;19.8012926;3.71619727;1;"Papio";32;"Central Africa"
"BM1908.7.17.1";0;16.5968682;4.74312763;1;"Pongo";16;"Borneo"
"BM1908.8.9.41";0;19.3982861;3.63654073;1;"Papio";16;"East Africa"
"BM1908.8.9.42";0;23.8313576;4.51398683;0;"Papio";32;"East Africa"
"BM1909.6.11";0;14.0305714;2.48359763;1;"Papio";32;"East Africa"
"BM1910.10.3.1";0;13.0001905;2.29036872;1;"Papio";28;"East Africa"
"BM1911.12.1.1";0;18.1892666;3.39774848;1;"Papio";32;"East Africa"
"BM1913.10.18.2";1;19.3982861;3.63654073;1;"Papio";32;"East Africa"
"BM1913.10.18.3";0;24.2343641;4.59386268;1;"Papio";16;"East Africa"
"BM1914.3.8.2";0;26.6524031;5.07338879;0;"Papio";32;"East Africa"
"BM1918.11.8.1";0;22.6223381;4.27445115;1;"Papio";16;"East Africa"
"BM1922.12.19.6";0;18.1892666;3.39774848;1;"Papio";32;"Central Africa"
"BM1923.3.4.3";0;28.2644291;5.39328887;0;"Papio";32;"East Africa"
"BM1924.2.25.1";0;20.6073056;3.87558812;1;"Papio";32;"East Africa"
"BM1924.8.6.15";0;19.3982861;3.63654073;1;"Papio";32;"West Africa"
"BM1924.8.6.16";0;24.2343641;4.59386268;0;"Papio";32;"West Africa"
"BM1925.5.12.1";0;21.8163251;4.1148462;1;"Papio";32;"West Africa"
"BM1927.8.14.1";0;16.0913333;2.87155209;0;"Papio";16;"East Africa"
"BM1930.12.1.2";0;20.2042991;3.79588028;0;"Papio";32;"East Africa"
"BM1931.4.1.1";0;19.3982861;3.63654073;1;"Papio";32;"East Africa"
"BM1932.7.6.1";0;13.515381;2.38690817;1;"Papio";32;"East Africa"
"BM1934.11.20.1";0;18.5922731;3.4773143;1;"Papio";32;"East Africa"
"BM1935.10.22.24";0;21.0103121;3.95531929;0;"Papio";16;"West Africa"
"BM1935.2.14.1";0;19.3982861;3.63654073;1;"Papio";32;"East Africa"
"BM1936.12.28.1";0;18.5922731;3.4773143;1;"Papio";32;"East Africa"
"BM1936.12.28.2";0;18.5922731;3.4773143;1;"Papio";32;"East Africa"
"BM1938.7.17.1";1;32.6684551;6.16831052;1;"Papio";32;"Central Africa"
"BM1939.1005";0;14.1715222;3.88831042;1;"Pongo";16;"Borneo"
"BM1939.1006";0;11.2611071;2.86641;1;"Pongo";16;"Borneo"
"BM1939.1007";0;9.80589949;2.35865298;0;"Pongo";32;"Borneo"
"BM1939.1008";0;11.2611071;2.86641;0;"Pongo";32;"Borneo"
"BM1939.1021";0;20.6073056;3.87558812;1;"Papio";32;"West Africa"
"BM1962.25";0;19.8012926;3.71619727;0;"Papio";32;"East Africa"
"BM1964.2174";0;19.3982861;3.63654073;0;"Papio";32;"East Africa"
"BM1971.2353";0;22.6223381;4.27445115;1;"Papio";16;"West Africa"
"BM1971.2354";0;21.0103121;3.95531929;1;"Papio";17;"West Africa"
"BM1976.1408";0;16.3543336;4.65756455;0;"Pongo";33;"Borneo"
"BM1976.1409";0;13.9289876;3.80295048;0;"Pongo";32;"Borneo"
"BM1976.1415";0;12.2312454;3.20634803;0;"Pongo";32;"Borneo"
"BM1976.1416";0;11.5036417;2.95130863;0;"Pongo";31;"Borneo"
"BM1976.1417";0;11.2611071;2.86641;0;"Pongo";16;"Borneo"
"BM1976.1418";0;11.2611071;2.86641;0;"Pongo";32;"Borneo"
"BM1976.1419";0;11.2611071;2.86641;0;"Pongo";32;"Borneo"
"BM1976.1420";0;11.0185725;2.78157736;0;"Pongo";30;"Borneo"
"BM1976.1421";0;10.7760379;2.69681693;0;"Pongo";32;"Borneo"
"BM1976.1422";0;11.7461763;3.03626772;0;"Pongo";32;"Borneo"
"BM1976.1423";0;11.2611071;2.86641;0;"Pongo";32;"Borneo"
"BM1976.1424";0;13.686453;3.71761878;1;"Pongo";32;"Borneo"
"BM1976.1425";0;11.5036417;2.95130863;1;"Pongo";33;"Borneo"
"BM1976.1426";0;11.9887109;3.12128232;1;"Pongo";32;"Borneo"
"BM1976.1427";0;14.4140568;3.97369678;0;"Pongo";32;"Borneo"
"BM1976.1428";0;12.7163146;3.37661729;1;"Pongo";32;"Borneo"
"BM1976.1429";0;9.80589949;2.35865298;0.5;"Pongo";32;"Borneo"
"BM1976.1430";0;10.5335033;2.61213574;0;"Pongo";32;"Borneo"
"BM1976.1431";0;12.47378;3.29146087;1;"Pongo";32;"Borneo"
"BM1976.1434";0;11.5036417;2.95130863;1;"Pongo";32;"Borneo"
"BM1976.1435";0;9.0782957;2.10624751;1;"Pongo";32;"Borneo"
"BM1976.1436";0;10.7760379;2.69681693;1;"Pongo";32;"Borneo"
"BM1976.1437";0;11.2611071;2.86641;1;"Pongo";16;"Borneo"
"BM1976.1438";0;8.83576111;2.02242151;1;"Pongo";16;"Borneo"
"BM1976.1439";0;8.59322651;1.93878354;1;"Pongo";32;"Borneo"
"BM1976.1440";0;12.2312454;3.20634803;1;"Pongo";32;"Borneo"
"BM1976.1442";0;10.7760379;2.69681693;1;"Pongo";32;"Borneo"
"BM1976.1443";0;11.7461763;3.03626772;1;"Pongo";34;"Borneo"
"BM50a";0;13.0001905;2.29036872;1;"Papio";32;"East Africa"
"BRK125458";1;29.1041325;3.72712188;0.25;"Homo sapiens";24;"Native Californian"
"BRK125462";8;48.4791205;5.71046472;0.25;"Homo sapiens";32;"Native Californian"
"BRK125598";0;27.6373976;3.70258313;0.75;"Homo sapiens";25;"Native Californian"
"BRK125610";1;23.0458795;2.9625106;0.5;"Homo sapiens";31;"Native Californian"
"BRK125660";5;51.5;12.6;0.75;"Homo sapiens";31;"Native Californian"
"BRK125661";0;32.3564578;4.25426601;0.75;"Homo sapiens";32;"Native Californian"
"BRK125666";0;36.5653494;4.94131337;0.25;"Homo sapiens";16;"Native Californian"
"BRK125670";1;35.8000964;4.81608016;0.5;"Homo sapiens";23;"Native Californian"
"BRK125675";5;36.9479759;5.00397466;0.5;"Homo sapiens";33;"Native Californian"
"BRK125676";0;36.7566627;4.97264041;0.75;"Homo sapiens";29;"Native Californian"
"BRK125678";3;39.6263614;5.44334199;0.75;"Homo sapiens";31;"Native Californian"
"BRK125679";0;32.7390843;4.31652929;0.75;"Homo sapiens";32;"Native Californian"
"BRK125800";0;28.5301928;3.63455838;0.75;"Homo sapiens";29;"Native Californian"
"BRK125802";3;36.7566627;4.97264041;0.75;"Homo sapiens";26;"Native Californian"
"BRK125810";1;30.5070964;4.16980327;0.75;"Homo sapiens";32;"Native Californian"
"BRK125811";0;34.6522169;4.62847197;0.75;"Homo sapiens";28;"Native Californian"
"BRK125821";0;37.1392892;5.035316;0.75;"Homo sapiens";32;"Native Californian"
"BRK125822";0;30.3157831;4.13857528;0.25;"Homo sapiens";32;"Native Californian"
"BRK125827";0;27.5736265;3.48066219;0.75;"Homo sapiens";32;"Native Californian"
"BRK125832";2;45.6;10.4;0.75;"Homo sapiens";16;"Native Californian"
"BRK126049";0;29.2954458;3.75801123;0.5;"Homo sapiens";31;"Native Californian"
"BRK126054";0;23.6198193;3.05433283;0.25;"Homo sapiens";15;"Native Californian"
"BRK126076";0;35.8000964;4.81608016;0.5;"Homo sapiens";16;"Native Californian"
"BRK126087";0;20.1761807;2.50774612;0.5;"Homo sapiens";32;"Native Californian"
"BRK126089";4;26.6808313;3.54750963;0.75;"Homo sapiens";32;"Native Californian"
"BRK126092";1;37.5219157;5.09801939;0.75;"Homo sapiens";32;"Native Californian"
"BRK126094";0;25.9155783;3.42374303;0.75;"Homo sapiens";32;"Native Californian"
"BRK126100";7;25.0865542;3.08319431;0.25;"Homo sapiens";32;"Native Californian"
"BRK126104";0;23.6198193;3.05433283;0.75;"Homo sapiens";32;"Native Californian"
"BRK126107";5;23.6198193;3.05433283;0.25;"Homo sapiens";32;"Native Californian"
"BRK126113";1;32.9941687;4.35806278;0.75;"Homo sapiens";32;"Native Californian"
"BRK126117";0;26.2982048;3.48559185;0.25;"Homo sapiens";32;"Native Californian"
"BRK126118";1;26.6808313;3.54750963;0.25;"Homo sapiens";32;"Native Californian"
"BRK126121";1;36.5653494;4.94131337;0.25;"Homo sapiens";32;"Native Californian"
"BRK126124";0;22.0893133;2.81004779;0.75;"Homo sapiens";32;"Native Californian"
"BRK126125";5;41.1;10;0.25;"Homo sapiens";15;"Native Californian"
"BRK126243";16;25.5967229;3.16436617;0.75;"Homo sapiens";30;"Native Californian"
"BRK126244";0;26.1068916;3.45465859;0.75;"Homo sapiens";31;"Native Californian"
"BRK126247";0;39.6263614;5.44334199;0.25;"Homo sapiens";32;"Native Californian"
"BRK126248";0;28.5939639;3.85801676;0.25;"Homo sapiens";32;"Native Californian"
"BRK126250";0;26.2982048;3.48559185;0.25;"Homo sapiens";30;"Native Californian"
"BRK126251";0;29.9331566;4.07615043;0.75;"Homo sapiens";32;"Native Californian"
"BRK126252";0;22.4719398;2.87094128;0.25;"Homo sapiens";32;"Native Californian"
"BRK126256";0;32.0376024;4.41997173;0.25;"Homo sapiens";32;"Native Californian"
"BRK126259";0;32.1651446;4.22315152;0.25;"Homo sapiens";31;"Native Californian"
"BRK126260";1;36.3740361;4.90999368;0.25;"Homo sapiens";32;"Native Californian"
"BRK126261";0;32.3564578;4.25426601;0.25;"Homo sapiens";32;"Native Californian"
"BRK126264";0;37.1392892;5.035316;0.25;"Homo sapiens";29;"Native Californian"
"BRK126266";8;36.5653494;4.94131337;0.5;"Homo sapiens";32;"Native Californian"
"BRK126271";10;25.8518072;3.20502776;0.5;"Homo sapiens";31;"Native Californian"
"BRK126291";1;22.0893133;2.81004779;0.5;"Homo sapiens";7;"Native Californian"
"BRK126292";0;36.5653494;4.94131337;0.5;"Homo sapiens";31;"Native Californian"
"BRK126472";0;28.5939639;3.85801676;0.25;"Homo sapiens";32;"Native Californian"
"BRK126755";0;26.1068916;3.45465859;0.75;"Homo sapiens";22;"Native Californian"
"BRK126757";0;31.6549759;4.14023787;0.75;"Homo sapiens";32;"Native Californian"
"BRK126758";0;23.6198193;3.05433283;0.25;"Homo sapiens";32;"Native Californian"
"BRK126760";0;26.2982048;3.48559185;0.75;"Homo sapiens";30;"Native Californian"
"BRK126761";2;35.8000964;4.81608016;0.75;"Homo sapiens";32;"Native Californian"
"BRK126764";0;23.2371928;2.99309106;0.75;"Homo sapiens";32;"Native Californian"
"BRK126765";1;29.7418434;4.04495405;0.5;"Homo sapiens";30;"Native Californian"
"BRK126766";0;26.6808313;3.54750963;0.75;"Homo sapiens";32;"Native Californian"
"BRK126767";0;31.2085783;4.06776118;0.75;"Homo sapiens";32;"Native Californian"
"BRK126768";8;37.3306024;5.06666429;0.25;"Homo sapiens";28;"Native Californian"
"BRK126773";5;39.6263614;5.44334199;0.75;"Homo sapiens";32;"Native Californian"
"BRK126774";8;22.8545663;2.93195822;0.25;"Homo sapiens";32;"Native Californian"
"BRK126776";3;38.8611084;5.31768598;0.5;"Homo sapiens";32;"Native Californian"
"HTB0802";0;14.23;6.474995012;1;"Papio";32;"East Africa"
"HTB0828";0;9.18292308;2.429595478;1;"Papio";32;"South Africa"
"HTB0890";0;17.8945;3.21217946;1;"Papio";32;"East Africa"
"HTB0900";0;15.3185476;2.72587272;1;"Papio";32;"East Africa"
"HTB1025";2;18.6672857;3.35840919;1;"Papio";32;"East Africa"
"HTB1027";0;18.6672857;3.35840919;0;"Papio";32;"East Africa"
"HTB1028";0;13.7729762;2.43523526;0;"Papio";32;"East Africa"
"HTB1043";1;16.0913333;2.87155209;1;"Papio";32;"East Africa"
"HTB1151";0;13.515381;2.38690817;1;"Papio";32;"East Africa"
"HTB1152";0;13.2577857;2.33861853;1;"Papio";32;"East Africa"
"HTB1153";0;13.0001905;2.29036872;1;"Papio";16;"East Africa"
"HTB1154";0;15.0609524;2.67736152;1;"Papio";32;"East Africa"
"HTB1212";1;11.167;4.778975048;1;"Papio";32;"Central Africa"
"HTB1214";0;14.8033571;2.62887685;1;"Papio";32;"East Africa"
"HTB1215";0;12.7010476;2.18171291;1;"Papio";32;"East Africa"
"HTB1216";2;17.6369048;3.16346606;1;"Papio";32;"East Africa"
"HTB1217";1;16.6065238;2.96878123;1;"Papio";31;"East Africa"
"HTB1218";0;13.7729762;2.43523526;1;"Papio";32;"East Africa"
"HTB1219";0;15.7921905;2.76002868;1;"Papio";32;"East Africa"
"HTB1220";0;15.5761429;2.77440906;1;"Papio";32;"East Africa"
"HTB1221";0;17.6369048;3.16346606;1;"Papio";32;"East Africa"
"HTB1222";0;14.8033571;2.62887685;0;"Papio";32;"East Africa"
"HTB1223";0;16.0913333;2.87155209;1;"Papio";32;"East Africa"
"HTB1225";0;16.307381;2.85690736;1;"Papio";32;"East Africa"
"HTB1226";0;14.2881667;2.53199324;1;"Papio";32;"East Africa"
"HTB1426";0;17.204185;3.2920468;0;"Pan";32;"Ebolwa"
"HTB1497";0;11.454619;2.00186723;1;"Papio";31;"East Africa"
"HTB1503";0;11.9698095;2.09782262;0;"Papio";32;"East Africa"
"HTB1701";0;26.2620552;5.35897499;0;"Pan";32;"French Cameroons"
"HTB1703";0;20.5137914;4.0457765;0;"Pan";32;"French Cameroons"
"HTB1706";0;17.3783748;3.33164782;0;"Pan";31;"Ebolwa"
"HTB1707";0;17.3783748;3.33164782;0;"Pan";28;"Ebolwa"
"HTB1708";0;21.5589303;4.28424336;0;"Pan";32;"Ebolwa"
"HTB1713";0;20.5137914;4.0457765;0;"Pan";32;"Ebolwa"
"HTB1718";0;18.075134;3.49014071;0;"Pan";32;"Ebolwa"
"HTB1719";1;24.9556316;5.06022442;0;"Pan";30;"Ebolwa"
"HTB1720";12;11.630111;2.03288089;0;"Pan";32;"Ebolwa"
"HTB1721";0;18.4235137;3.56943631;0;"Pan";32;"Ebolwa"
"HTB1722";0;20.6879812;4.08550898;0;"Pan";32;"Ebolwa"
"HTB1723";0;24.6943469;5.00049123;0;"Pan";32;"Ebolwa"
"HTB1724";0;18.4235137;3.56943631;0;"Pan";32;"Ebolwa"
"HTB1726";5;25.6120692;4.90072026;0;"Pan";32;"Ebolwa"
"HTB1735";0;18.9460831;3.68843519;0;"Pan";32;"Ebolwa"
"HTB1737";0;27.8297635;5.71763847;0;"Pan";28;"Ebolwa"
"HTB1738";0;19.4686525;3.80749511;0;"Pan";32;"Ebolwa"
"HTB1739";0;21.0363609;4.16498874;0;"Pan";32;"Ebolwa"
"HTB1741";0;28.352333;5.83722718;0;"Pan";32;"Ebolwa"
"HTB1744";0;19.991222;3.92661051;0;"Pan";32;"Ebolwa"
"HTB1745";0;18.9460831;3.68843519;0;"Pan";32;"Ebolwa"
"HTB1748";5;33.5780273;7.03383117;0;"Pan";31;"Ebolwa"
"HTB1758";0;19.991222;3.92661051;0;"Pan";32;"Ebolwa"
"HTB1768";0;19.991222;3.92661051;0;"Pan";32;"Ebolwa"
"HTB1775";1;26.1346386;5.01978364;0;"Pan";30;"French Cameroons"
"HTB1791";0;21.5589303;4.28424336;0;"Pan";32;"Ebolwa"
"HTB1882";0;17.3783748;3.33164782;0;"Pan";32;"Ebolwa"
"HTB1888";0;28.352333;5.83722718;0;"Pan";32;"French Cameroons"
"HTB1889";0;29.1361871;6.01663882;0;"Pan";32;"French Cameroons"
"HTB1890";0;20.5137914;4.0457765;0;"Pan";32;"French Cameroons"
"HTB1903";0;22.0814997;4.40353691;0;"Pan";32;"French Cameroons"
"HTB1956";0;29.9200413;6.19608209;0;"Pan";32;"French Cameroons"
"HTB1957";9;23.5217914;4.42495725;0;"Pan";32;"French Cameroons"
"HTB1958";1;32.010319;6.67473274;0;"Pan";32;"French Cameroons"
"HTB1959";0;28.352333;5.83722718;0;"Pan";32;"French Cameroons"
"HTB2001";0;17.9009442;3.45050478;0;"Pan";32;"French Cameroons"
"HTB2026";0;19.991222;3.92661051;0;"Pan";32;"Ebolwa"
"HTB2027";0;18.9460831;3.68843519;0;"Pan";32;"Ebolwa"
"HTB2032";0;17.6396595;3.39106649;0;"Pan";32;"Ebolwa"
"HTB2033";0;18.9460831;3.68843519;0;"Pan";32;"Ebolwa"
"HTB2034";0;19.4686525;3.80749511;0;"Pan";32;"Ebolwa"
"HTB2747";3;43.6407147;9.02231946;0;"Pan";32;"French Cameroons"
"HTB2748";0;17.3783748;3.33164782;0;"Pan";32;"French Cameroons"
"HTB2751";3;32.5328885;6.79442263;0;"Pan";30;"French Cameroons"
"HTB2756";0;19.991222;3.92661051;0;"Pan";32;"French Cameroons"
"HTB2771";0;16.8558054;3.2128737;0;"Pan";32;"French Cameroons"
"HTB2823";0;28.352333;5.83722718;0;"Pan";32;"French Cameroons"
"HTB3398";0;18.4235137;3.56943631;0;"Pan";32;"West Africa"
"HTB3411";0;32.5328885;6.79442263;0;"Pan";16;"West Africa"
"HTB3412";0;15.8106665;2.97561367;0;"Pan";32;"West Africa"
"HTB3413";0;17.3783748;3.33164782;0;"Pan";32;"West Africa"
"HTB3418";0;24.9556316;5.06022442;0;"Pan";32;"West Africa"
"HTB3434";0;15.8106665;2.97561367;0;"Pan";32;"West Africa"
"HTB3436";0;31.4877496;6.55505315;0;"Pan";32;"West Africa"
"HTB3437";0;14.2429582;2.62063975;0;"Pan";32;"West Africa"
"HTB3515";0;14.5622081;2.68358343;0;"Papio";32;"East Africa"
"HTB3537";0;17.9009442;3.45050478;0;"Pan";32;"West Africa"
"HTB3538";0;19.4686525;3.80749511;0;"Pan";32;"West Africa"
"HTB3539";0;17.9009442;3.45050478;0;"Pan";29;"West Africa"
"HTB3551";1;19.991222;3.92661051;0;"Pan";32;"West Africa"
"HTB3552";0;21.0363609;4.16498874;0;"Pan";32;"West Africa"
"IPHA.1";0;17.6784056;2.24541074;0.75;"Homo sapiens";28;"Afalou"
"IPHA.10b";3;26.0065524;3.66420581;0.5;"Homo sapiens";31;"Afalou"
"IPHA.12";3;25.9695385;3.35489121;0.75;"Homo sapiens";32;"Afalou"
"IPHA.13";2;25.6734266;3.6064238;0.75;"Homo sapiens";32;"Afalou"
"IPHA.14";5;22.6752937;3.08917899;0.5;"Homo sapiens";32;"Afalou"
"IPHA.15";2;26.6357902;3.46891175;0.75;"Homo sapiens";13;"Afalou"
"IPHA.2";3;20.0102867;2.63528098;0.75;"Homo sapiens";32;"Afalou"
"IPHA.22";1;17.3452797;2.19049743;0.25;"Homo sapiens";27;"Afalou"
"IPHA.25";4;29.3007972;3.92784897;0.75;"Homo sapiens";24;"Afalou"
"IPHA.28";1;27.3390559;3.89582582;0.75;"Homo sapiens";32;"Afalou"
"IPHA.29";4;18.6777832;2.41143228;0.25;"Homo sapiens";32;"Afalou"
"IPHA.3";1;27.3390559;3.89582582;0.25;"Homo sapiens";16;"Afalou"
"IPHA.30";2;21.6759161;2.91816725;0.5;"Homo sapiens";32;"Afalou"
"IPHA.34";2;21.0096643;2.80466038;0.25;"Homo sapiens";30;"Afalou"
"IPHA.36";18;48.8;10.5;0.75;"Homo sapiens";24;"Afalou"
"IPHA.45";0;18.0115315;2.30054789;0.5;"Homo sapiens";16;"Afalou"
"IPHA.46";4;20.0102867;2.63528098;0.5;"Homo sapiens";25;"Afalou"
"IPHA.47";0;26.6728042;3.77992193;0.75;"Homo sapiens";29;"Afalou"
"IPHA.48";2;18.3446573;2.35589319;0.75;"Homo sapiens";30;"Afalou"
"IPHA.49";2;27.3390559;3.89582582;0.75;"Homo sapiens";32;"Afalou"
"IPHA.5";3;26.0065524;3.66420581;0.75;"Homo sapiens";30;"Afalou"
"IPHA.7";1;26.6728042;3.77992193;0.25;"Homo sapiens";19;"Afalou"
"IPHA.9";5;26.6357902;3.46891175;0.75;"Homo sapiens";15;"Afalou"
"MH10285";0;38.2372609;8.82500633;0.75;"Homo sapiens";32;"Ona"
"MH10289";0;28.0348116;6.06203036;0.75;"Homo sapiens";32;"Fuegian"
"MH10291";0;36.6263478;8.38792417;0.75;"Homo sapiens";32;"Yaghan"
"MH11150";0;17.1850548;2.392161;0.25;"Homo sapiens";16;"Buriat"
"MH12316";2;47.0491348;18.8440476;0.75;"Homo sapiens";32;"Chucki"
"MH12317";4;41.1;10;0.25;"Homo sapiens";31;"Chucki"
"MH12318";0;37.551766;16.4384771;0.25;"Homo sapiens";16;"Chucki"
"MH12319";0;51.7415106;23.8192059;0.5;"Homo sapiens";16;"Chucki"
"MH12320";0;40.7050426;18.0781611;0.75;"Homo sapiens";32;"Chucki"
"MH12321";0;71.2242553;31.4169538;0.75;"Homo sapiens";16;"Chucki"
"MH12322";1;59.6247021;27.9211585;0.75;"Homo sapiens";16;"Chucki"
"MH12323";5;51.9;12.5;0.25;"Homo sapiens";16;"Chucki"
"MH12324";3;39.1284043;17.258272;0.5;"Homo sapiens";31;"Chucki"
"MH12326";6;50.1648723;22.9989102;0.75;"Homo sapiens";16;"Chucki"
"MH12327";0;28.0919362;11.5228136;0.75;"Homo sapiens";16;"Chucki"
"MH12328";0;35.9751277;15.6187914;0.25;"Homo sapiens";15;"Chucki"
"MH1503";1;15.567015;1.80774282;0.25;"Homo sapiens";32;"Tasmanien"
"MH1505";0;25.9830314;3.44508735;0.75;"Homo sapiens";32;"Tasmanien"
"MH1507";8;27.7190342;3.7272427;0.5;"Homo sapiens";32;"Australian aboriginie"
"MH1509";0;19.9070219;2.47259539;0.25;"Homo sapiens";32;"Australian aboriginie"
"MH1511";1;21.6430246;2.74721254;0.75;"Homo sapiens";16;"Australian aboriginie"
"MH1525";3;42.5600492;5.94066321;0.25;"Homo sapiens";31;"Australian aboriginie"
"MH1526";0;39.4;9.1;0.5;"Homo sapiens";15;"Australian aboriginie"
"MH1670";0;24.2408033;7.76244648;0.75;"Homo sapiens";16;"Sami"
"MH1701";0;27.8851639;9.29798279;0.5;"Homo sapiens";32;"Sami"
"MH1702";11;46.1069672;16.9965704;0.25;"Homo sapiens";32;"Sami"
"MH17264";2;27.804026;3.52464829;0.25;"Homo sapiens";31;"Australian aboriginie"
"MH1860";2;38.6447049;11.8783346;0.25;"Homo sapiens";16;"Sami"
"MH1861";3;22.418623;6.99594743;0.5;"Homo sapiens";16;"Sami"
"MH19776";0;38.5020685;6.56320224;0.5;"Homo sapiens";32;"Buriat"
"MH19777";0;21.2454384;3.1661365;0.25;"Homo sapiens";16;"Buriat"
"MH19782";0;27.3360137;4.35423659;0.25;"Homo sapiens";16;"Buriat"
"MH19784";0;23.5294041;3.60915514;0.25;"Homo sapiens";33;"Buriat"
"MH19826";0;25.3499565;5.33816474;0.25;"Homo sapiens";16;"Yaghan"
"MH20325";1;26.8510328;3.58600079;0.75;"Homo sapiens";32;"Australian aboriginie"
"MH20326";0;32.059041;4.43727895;0.5;"Homo sapiens";16;"Australian aboriginie"
"MH20912";0;26.4238986;5.62745765;0.5;"Homo sapiens";16;"Ona"
"MH20913";0;32.8675507;7.36905252;0.75;"Homo sapiens";16;"Yaghan"
"MH20914";0;24.2760145;5.04927738;0.25;"Homo sapiens";16;"Yaghan"
"MH22277";0;32;8.3;0.5;"Homo sapiens";15;"Sami"
"MH22278";0;38.8182459;13.9148037;0.5;"Homo sapiens";16;"Sami"
"MH22280";0;37.603459;13.4013855;0.75;"Homo sapiens";16;"Sami"
"MH22281";0;40.6404262;14.6850608;0.25;"Homo sapiens";16;"Sami"
"MH22282";0;35.1738852;12.374796;0.25;"Homo sapiens";16;"Sami"
"MH22283";0;46.1069672;16.9965704;0.25;"Homo sapiens";16;"Sami"
"MH2283";0;18.9063043;3.6143239;0.25;"Homo sapiens";16;"Fuegian"
"MH24592";0;44.680913;10.5751031;0.25;"Homo sapiens";24;"Ona"
"MH24893";1;24.0333178;2.92732743;0.25;"Homo sapiens";9;"Khoi-San"
"MH24894";0;58.6886885;20.3446194;0.75;"Homo sapiens";14;"Sami"
"MH24934A";0;30.3813014;4.9541643;0.25;"Homo sapiens";16;"Buriat"
"MH24934B";7;40;10;0.75;"Homo sapiens";16;"Buriat"
"MH24934C";14;55;15;0.75;"Homo sapiens";16;"Buriat"
"MH2896";0;22.1568264;2.64926405;0.5;"Homo sapiens";32;"Khoi-San"
"MH3337";1;33.4930246;3.38309356;0.75;"Homo sapiens";16;"Australian aboriginie"
"MH3616";1;33.7950437;4.72264949;0.75;"Homo sapiens";32;"Australian aboriginie"
"MH3619";0;22.0770253;2.81636112;0.75;"Homo sapiens";32;"Tasmanien"
"MH3638";0;26.8510328;3.58600079;0.25;"Homo sapiens";32;"Tasmanien"
"MH4459";0;36.0500389;4.86831607;0.75;"Homo sapiens";32;"Australian aboriginie"
"MH4460";4;32.059041;4.43727895;0.25;"Homo sapiens";32;"Australian aboriginie"
"MH4665";0;23.813028;3.09453499;0.25;"Homo sapiens";32;"Australian aboriginie"
"MH4763";2;22.0770253;2.81636112;0.25;"Homo sapiens";33;"Australian aboriginie"
"MH4765";2;25.2000219;3.10683206;0.25;"Homo sapiens";15;"Australian aboriginie"
"MH4767";2;15.567015;1.80774282;0.25;"Homo sapiens";32;"Tasmanien"
"MH5325";0;23.3790273;3.02477635;0.75;"Homo sapiens";16;"Australian aboriginie"
"MH5327";0;25.9830314;3.44508735;0.25;"Homo sapiens";16;"Australian aboriginie"
"MH5328";0;29.4550369;4.01057301;0.25;"Homo sapiens";16;"Australian aboriginie"
"MH5329";2;24.2470287;3.16442127;0.25;"Homo sapiens";32;"Australian aboriginie"
"MH5330";0;17.3030178;2.06875973;0.25;"Homo sapiens";32;"Australian aboriginie"
"MH5563";6;51.9;12.5;0.25;"Homo sapiens";16;"Khoi-San"
"MH8057";0;53.3956885;20.0797763;0.25;"Homo sapiens";32;"Sami"
"NMNH225025";0;37.551766;16.4384771;0.5;"Homo sapiens";16;"Chucki"
"NMNH225028";0;38.3400851;16.8483619;0.75;"Homo sapiens";16;"Chucki"
"NMNH225029";0;47.0115957;21.3584428;0.25;"Homo sapiens";16;"Chucki"
"NMNH225032";12;55;15;0.75;"Homo sapiens";14;"Chucki"
"NMNH226086";12;34.6630451;4.86555727;0.75;"Homo sapiens";31;"Australian aboriginie"
"NMNH226087";0;21.6430246;2.74721254;0.5;"Homo sapiens";16;"Australian aboriginie"
"NMNH226088";0;41.1;10;0.5;"Homo sapiens";12;"Australian aboriginie"
"NMNH226089";0;16.4350164;1.93720666;0.5;"Homo sapiens";32;"Australian aboriginie"
"NMNH226090";1;19.0390205;2.33671692;0.25;"Homo sapiens";31;"Australian aboriginie"
"NMNH226092";14;55;15;0.25;"Homo sapiens";16;"Australian aboriginie"
"NMNH227455";0;11.6610089;1.26803942;0.5;"Homo sapiens";32;"Australian aboriginie"
"NMNH258483";0;25.3320304;3.33964284;0.25;"Homo sapiens";32;"Australian aboriginie"
"NMNH278701";19;28.3511096;4.55391036;0.25;"Homo sapiens";32;"Buriat"
"NMNH278702";12;22.2605342;3.36255085;0.25;"Homo sapiens";31;"Buriat"
"NMNH278703";6;40;10;0.25;"Homo sapiens";29;"Buriat"
"NMNH278704";0;17.4388288;2.43978021;0.25;"Homo sapiens";32;"Buriat"
"NMNH278705";28;55;15;0.25;"Homo sapiens";32;"Buriat"
"NMNH278706";6;30.1275274;4.90407388;0.5;"Homo sapiens";32;"Buriat"
"NMNH278707";7;27.8435616;4.45403148;0.75;"Homo sapiens";32;"Buriat"
"NMNH278708";0;20.2303425;2.97066069;0.25;"Homo sapiens";32;"Buriat"
"NMNH278709";16;17.1850548;2.392161;0.25;"Homo sapiens";30;"Buriat"
"NMNH278710";0;20.9916644;3.11717264;0.5;"Homo sapiens";32;"Buriat"
"NMNH278711";2;33.426589;5.55632114;0.5;"Homo sapiens";31;"Buriat"
"NMNH278712";3;31.6139178;4.709013;0.25;"Homo sapiens";30;"Buriat"
"NMNH278713";0;17.1850548;2.392161;0.25;"Homo sapiens";31;"(Buriat) Chinese?"
"NMNH278716";0;18.7076986;2.67965585;0.5;"Homo sapiens";32;"Buriat"
"NMNH283606";0;27.5897877;4.40412318;0.75;"Homo sapiens";32;"Buriat"
"NMNH283607";28;55;15;0.75;"Homo sapiens";28;"Buriat"
"NMNH283609a";0;29.8737534;4.85399919;0.75;"Homo sapiens";32;"Buriat"
"NMNH283613";0;25.3058219;3.95602419;0.75;"Homo sapiens";32;"Buriat"
"NMNH283615";1;40;10;0.75;"Homo sapiens";32;"Buriat"
"NMNH329778";0;18.6050198;2.26921034;0.25;"Homo sapiens";33;"Australian aboriginie"
"NMNH329779";2;40.1730454;5.5467185;0.75;"Homo sapiens";32;"Australian aboriginie"
"NMNH330604";0;21.4260243;2.71270581;0.75;"Homo sapiens";32;"Australian aboriginie"
"NMNH330605";2;40;10;0.75;"Homo sapiens";13;"Australian aboriginie"
"NMNH330606";3;40;10;0.25;"Homo sapiens";14;"Australian aboriginie"
"NMNH330607";3;34.7480369;4.65477138;0.5;"Homo sapiens";8;"Australian aboriginie"
"NMNH331242";2;31.40804;4.33043687;0.75;"Homo sapiens";32;"Australian aboriginie"
"NMNH331243";0;39.0880437;5.3679133;0.75;"Homo sapiens";32;"Australian aboriginie"
"NMNH344711";2;33.1440427;4.61556224;0.75;"Homo sapiens";32;"Australian aboriginie"
"NMNH344712";0;24.0300284;3.12946271;0.5;"Homo sapiens";30;"Australian aboriginie"
"NMNH344713";2;33.7950437;4.72264949;0.25;"Homo sapiens";16;"Australian aboriginie"
"NMNH344714";0;29.8890376;4.08156052;0.25;"Homo sapiens";32;"Australian aboriginie"
"NMNH344715";2;32.4930417;4.50856156;0.25;"Homo sapiens";32;"Australian aboriginie"
"NMNH350096";0;36.3990478;5.1517561;0.75;"Homo sapiens";32;"Australian aboriginie"
"NMNH350097";0;26.8510328;3.58600079;0.75;"Homo sapiens";32;"Australian aboriginie"
"NMNH350098";0;24.6086959;3.22275136;0.75;"Homo sapiens";32;"Australian aboriginie"
"NMNH380429";26;27.417015;2.52520843;0.75;"Homo sapiens";31;"Australian aboriginie"
"NMNH380430";9;29.8890376;4.08156052;0.25;"Homo sapiens";32;"Australian aboriginie"
"NMNH380431";23;51.9;12.5;0.75;"Homo sapiens";32;"Australian aboriginie"
"NMNH380447";3;23.3790273;3.02477635;0.75;"Homo sapiens";32;"Australian aboriginie"
"NMNH380448";0;15.7840154;1.83988868;0.25;"Homo sapiens";32;"Australian aboriginie"
"NMNH380449";1;25.259697;3.32794049;0.75;"Homo sapiens";16;"Australian aboriginie"
"NMNH380450";1;28.5870355;3.86877709;0.75;"Homo sapiens";16;"Australian aboriginie"
"NMNH380451";2;38.2200424;5.22500246;0.75;"Homo sapiens";17;"Australian aboriginie"
"NMNH380452";0;31.1910396;4.29484575;0.75;"Homo sapiens";16;"Australian aboriginie"
"NMNH380453";0;32.2760413;4.47291497;0.75;"Homo sapiens";32;"Australian aboriginie"
"NMNH380464";0;33.7950437;4.72264949;0.75;"Homo sapiens";32;"Australian aboriginie"
"NMNH380466";0;37.2670492;5.29502645;0.25;"Homo sapiens";24;"Australian aboriginie"
"PMN1389";0;28.5870355;3.86877709;0.75;"Homo sapiens";16;"Australian aboriginie"
"PMN1390";0;23.3790273;3.02477635;0.25;"Homo sapiens";32;"Australian aboriginie"
"PMN1496";0;25.9830314;3.44508735;0.75;"Homo sapiens";16;"Australian aboriginie"
"PMN1497";0;25.1150301;3.30454439;0.75;"Homo sapiens";16;"Australian aboriginie"
"PMN3064";0;23.3790273;3.02477635;0.75;"Homo sapiens";15;"Australian aboriginie"
"PMN3064A";0;37.7860417;5.15359486;0.75;"Homo sapiens";32;"Australian aboriginie"
"PMN3065";0;28.2850164;2.64088713;0.5;"Homo sapiens";16;"Australian aboriginie"
"PMN7459";5;25.5490307;3.37476666;0.75;"Homo sapiens";32;"Australian aboriginie"
"UCD2(1)b";0;37.7132289;5.1293812;0.5;"Homo sapiens";23;"Native Californian"
"UCD2(10.1)b";5;37.3306024;5.06666429;0.5;"Homo sapiens";31;"Native Californian"
"UCD2(16)b";1;36.9479759;5.00397466;0.5;"Homo sapiens";32;"Native Californian"
"UCD2(2)b";0;25.9155783;3.42374303;0.5;"Homo sapiens";30;"Native Californian"
"UCD2(3a)b";1;40.3916145;5.56908606;0.5;"Homo sapiens";30;"Native Californian"
"UCD2(6)b";0;36.1827229;4.87868148;0.5;"Homo sapiens";32;"Native Californian"
"UCD2(8)b";5;40.3916145;5.56908606;0.5;"Homo sapiens";32;"Native Californian"
"UCD2(L-23-1)b";1;33.8869639;4.50357659;0.5;"Homo sapiens";33;"Native Californian"
"UVS1";0;22.1568264;2.64926405;0.75;"Homo sapiens";32;"Khoi-San"
"UVS10";0;24.7839144;3.03927918;0.75;"Homo sapiens";32;"Khoi-San"
"UVS101";0;21.7815281;2.59401611;0.25;"Homo sapiens";32;"Khoi-San"
"UVS102";0;27.0357042;3.37708808;0.25;"Homo sapiens";32;"Khoi-San"
"UVS104";0;21.7815281;2.59401611;0.75;"Homo sapiens";32;"Khoi-San"
"UVS105";5;41.1374939;4.32538295;0.25;"Homo sapiens";27;"Khoi-San"
"UVS119";0;21.7815281;2.59401611;0.75;"Homo sapiens";16;"Khoi-San"
"UVS12";0;28.5368973;3.60361662;0.75;"Homo sapiens";16;"Khoi-San or bushman half-caste"
"UVS125";30;34.7;7.8;0.25;"Homo sapiens";32;"Khoi-San"
"UVS142";0;17.6532469;1.99807578;0.25;"Homo sapiens";32;"Khoi-San"
"UVS2";0;28.5368973;3.60361662;0.25;"Homo sapiens";32;"Khoi-San"
"UVS22";11;24.4086161;2.98325724;0.75;"Homo sapiens";32;"Khoi-San"
"UVS24";2;28.161599;3.54689952;0.75;"Homo sapiens";29;"Khoi-San"
"UVS28";6;34.7;7.8;0.25;"Homo sapiens";15;"Khoi-San"
"UVS29";0;19.5297384;2.26582834;0.75;"Homo sapiens";32;"Khoi-San or bushman half-caste"
"UVS3";0;26.6604059;3.32060722;0.75;"Homo sapiens";32;"Khoi-San"
"UVS34";0;27.0357042;3.37708808;0.5;"Homo sapiens";16;"Khoi-San or bushman half-caste"
"UVS38";0;23.2827213;2.81576611;0.25;"Homo sapiens";32;"Khoi-San"
"UVS40";0;28.5757213;3.49137561;0.25;"Homo sapiens";32;"Khoi-San"
"UVS42";0;23.2827213;2.81576611;0.75;"Homo sapiens";16;"Khoi-San"
"UVS45";20;39.4;9.1;0.25;"Homo sapiens";28;"Khoi-San"
"UVS46";0;16.9026504;1.89297439;0.25;"Homo sapiens";32;"Khoi-San"
"UVS49";1;27.4110024;3.43363244;0.25;"Homo sapiens";33;"Khoi-San or bushman half-caste"
"UVS52";0;31.1639853;4.00197497;0.25;"Homo sapiens";32;"Khoi-San or bushman half-caste"
"UVS55";24;30.5;9.6;0.25;"Homo sapiens";27;"Khoi-San or bushman half-caste"
"UVS56";27;41.1;10;0.25;"Homo sapiens";30;"Khoi-San or bushman half-caste"
"UVS57";2;22.1568264;2.64926405;0.25;"Homo sapiens";32;"Khoi-San or bushman half-caste"
"UVS58";0;24.0333178;2.92732743;0.25;"Homo sapiens";16;"Khoi-San or bushman half-caste"
"UVS59";0;18.7791418;2.1579761;0.25;"Homo sapiens";32;"Khoi-San or bushman half-caste"
"UVS60";0;21.7815281;2.59401611;0.25;"Homo sapiens";16;"Khoi-San or bushman half-caste"
"UVS62";0;19.5297384;2.26582834;0.25;"Homo sapiens";16;"Khoi-San or bushman half-caste"
"UVS63";10;28.9121956;3.66038599;0.25;"Homo sapiens";32;"Khoi-San or bushman half-caste"
"UVS67";1;25.1592127;3.09538823;0.75;"Homo sapiens";32;"Khoi-San or bushman half-caste"
"UVS68";0;17.6532469;1.99807578;0.75;"Homo sapiens";32;"Khoi-San or bushman half-caste"
"UVS76";0;22.1568264;2.64926405;0.75;"Homo sapiens";32;"Khoi-San or bushman half-caste"
