"tooth_class";"specimen";"num_amtl";"sockets";"age";"stdev_age";"prob_male";"genus";"population"
"Anterior";"AMNH99.1/100";0;12;279;309;0.5;"Homo sapiens";"Alaska"
"Posterior";"AMNH99.1/100";0;12;279;309;0.5;"Homo sapiens";"Alaska"
"Premolar";"AMNH99.1/100";0;8;279;309;0.5;"Homo sapiens";"Alaska"
"Anterior";"AMNH99.1/101";3;9;291;314;0.25;"Homo sapiens";"Alaska"
"Posterior";"AMNH99.1/101";5;7;291;314;0.25;"Homo sapiens";"Alaska"
"Premolar";"AMNH99.1/101";2;6;291;314;0.25;"Homo sapiens";"Alaska"
"Anterior";"AMNH99.1/102";1;12;259;281;0.25;"Homo sapiens";"Alaska"
"Posterior";"AMNH99.1/102";0;12;259;281;0.25;"Homo sapiens";"Alaska"
"Premolar";"AMNH99.1/102";0;8;259;281;0.25;"Homo sapiens";"Alaska"
"Anterior";"AMNH99.1/103";0;12;201;264;0.5;"Homo sapiens";"Alaska"
"Posterior";"AMNH99.1/103";0;12;201;264;0.5;"Homo sapiens";"Alaska"
"Premolar";"AMNH99.1/103";0;8;201;264;0.5;"Homo sapiens";"Alaska"
"Anterior";"AMNH99.1/104";0;12;311;324;0.25;"Homo sapiens";"Alaska"
"Posterior";"AMNH99.1/104";0;12;311;324;0.25;"Homo sapiens";"Alaska"
"Premolar";"AMNH99.1/104";0;8;311;324;0.25;"Homo sapiens";"Alaska"
"Anterior";"AMNH99.1/105";0;12;238;285;0.75;"Homo sapiens";"Alaska"
"Posterior";"AMNH99.1/105";0;12;238;285;0.75;"Homo sapiens";"Alaska"
"Premolar";"AMNH99.1/105";0;8;238;285;0.75;"Homo sapiens";"Alaska"
"Anterior";"AMNH99.1/107";1;8;332;10;0.5;"Homo sapiens";"Alaska"
"Posterior";"AMNH99.1/107";2;10;332;10;0.5;"Homo sapiens";"Alaska"
"Premolar";"AMNH99.1/107";0;7;332;10;0.5;"Homo sapiens";"Alaska"
"Anterior";"AMNH99.1/109";1;12;310;322;0.75;"Homo sapiens";"Alaska"
"Posterior";"AMNH99.1/109";5;10;310;322;0.75;"Homo sapiens";"Alaska"
"Premolar";"AMNH99.1/109";0;8;310;322;0.75;"Homo sapiens";"Alaska"
"Anterior";"AMNH99.1/110";1;5;304;320;0.75;"Homo sapiens";"Alaska"
"Posterior";"AMNH99.1/110";0;6;304;320;0.75;"Homo sapiens";"Alaska"
"Premolar";"AMNH99.1/110";1;4;304;320;0.75;"Homo sapiens";"Alaska"
"Anterior";"AMNH99.1/111";0;12;305;321;0.5;"Homo sapiens";"Alaska"
"Posterior";"AMNH99.1/111";0;12;305;321;0.5;"Homo sapiens";"Alaska"
"Premolar";"AMNH99.1/111";0;8;305;321;0.5;"Homo sapiens";"Alaska"
"Anterior";"AMNH99.1/112";2;12;310;322;0.25;"Homo sapiens";"Alaska"
"Posterior";"AMNH99.1/112";2;11;310;322;0.25;"Homo sapiens";"Alaska"
"Premolar";"AMNH99.1/112";2;8;310;322;0.25;"Homo sapiens";"Alaska"
"Anterior";"AMNH99.1/160";1;4;331;23;0.25;"Homo sapiens";"Alaska"
"Posterior";"AMNH99.1/160";3;5;331;23;0.25;"Homo sapiens";"Alaska"
"Premolar";"AMNH99.1/160";1;4;331;23;0.25;"Homo sapiens";"Alaska"
"Anterior";"AMNH99.1/59";6;12;323;12;0.25;"Homo sapiens";"Alaska"
"Posterior";"AMNH99.1/59";6;6;323;12;0.25;"Homo sapiens";"Alaska"
"Premolar";"AMNH99.1/59";2;8;323;12;0.25;"Homo sapiens";"Alaska"
"Anterior";"AMNH99.1/59-B";0;6;296;9;0.25;"Homo sapiens";"Alaska"
"Posterior";"AMNH99.1/59-B";0;6;296;9;0.25;"Homo sapiens";"Alaska"
"Premolar";"AMNH99.1/59-B";0;4;296;9;0.25;"Homo sapiens";"Alaska"
"Anterior";"AMNH99.1/60";0;6;283;310;0.5;"Homo sapiens";"Alaska"
"Posterior";"AMNH99.1/60";2;6;283;310;0.5;"Homo sapiens";"Alaska"
"Premolar";"AMNH99.1/60";0;4;283;310;0.5;"Homo sapiens";"Alaska"
"Anterior";"AMNH99.1/61";0;12;253;296;0.75;"Homo sapiens";"Alaska"
"Posterior";"AMNH99.1/61";0;12;253;296;0.75;"Homo sapiens";"Alaska"
"Premolar";"AMNH99.1/61";0;8;253;296;0.75;"Homo sapiens";"Alaska"
"Anterior";"AMNH99.1/64";4;12;308;317;0.25;"Homo sapiens";"Alaska"
"Posterior";"AMNH99.1/64";2;10;308;317;0.25;"Homo sapiens";"Alaska"
"Premolar";"AMNH99.1/64";0;8;308;317;0.25;"Homo sapiens";"Alaska"
"Anterior";"AMNH99.1/72";0;12;318;328;0.75;"Homo sapiens";"Alaska"
"Posterior";"AMNH99.1/72";1;11;318;328;0.75;"Homo sapiens";"Alaska"
"Premolar";"AMNH99.1/72";0;8;318;328;0.75;"Homo sapiens";"Alaska"
"Anterior";"AMNH99.1/75-A";0;12;220;276;0.75;"Homo sapiens";"Alaska"
"Posterior";"AMNH99.1/75-A";0;12;220;276;0.75;"Homo sapiens";"Alaska"
"Premolar";"AMNH99.1/75-A";0;8;220;276;0.75;"Homo sapiens";"Alaska"
"Anterior";"AMNH99.1/77";0;12;314;19;0.75;"Homo sapiens";"Alaska"
"Posterior";"AMNH99.1/77";4;11;314;19;0.75;"Homo sapiens";"Alaska"
"Premolar";"AMNH99.1/77";0;8;314;19;0.75;"Homo sapiens";"Alaska"
"Anterior";"AMNH99.1/79";0;6;294;331;0.25;"Homo sapiens";"Alaska"
"Posterior";"AMNH99.1/79";2;6;294;331;0.25;"Homo sapiens";"Alaska"
"Premolar";"AMNH99.1/79";0;4;294;331;0.25;"Homo sapiens";"Alaska"
"Anterior";"AMNH99.1/80(a)";0;6;318;328;0.75;"Homo sapiens";"Alaska"
"Posterior";"AMNH99.1/80(a)";0;6;318;328;0.75;"Homo sapiens";"Alaska"
"Premolar";"AMNH99.1/80(a)";1;4;318;328;0.75;"Homo sapiens";"Alaska"
"Anterior";"AMNH99.1/80(b)";0;6;310;322;0.75;"Homo sapiens";"Alaska"
"Posterior";"AMNH99.1/80(b)";0;5;310;322;0.75;"Homo sapiens";"Alaska"
"Premolar";"AMNH99.1/80(b)";0;4;310;322;0.75;"Homo sapiens";"Alaska"
"Anterior";"AMNH99.1/83-A";3;12;230;172;0.25;"Homo sapiens";"Alaska"
"Posterior";"AMNH99.1/83-A";2;10;230;172;0.25;"Homo sapiens";"Alaska"
"Premolar";"AMNH99.1/83-A";2;8;230;172;0.25;"Homo sapiens";"Alaska"
"Anterior";"AMNH99.1/84-A";0;12;214;272;0.25;"Homo sapiens";"Alaska"
"Posterior";"AMNH99.1/84-A";0;12;214;272;0.25;"Homo sapiens";"Alaska"
"Premolar";"AMNH99.1/84-A";0;8;214;272;0.25;"Homo sapiens";"Alaska"
"Anterior";"AMNH99.1/84-B";4;12;323;12;0.25;"Homo sapiens";"Alaska"
"Posterior";"AMNH99.1/84-B";6;8;323;12;0.25;"Homo sapiens";"Alaska"
"Premolar";"AMNH99.1/84-B";2;8;323;12;0.25;"Homo sapiens";"Alaska"
"Anterior";"AMNH99.1/84-C";3;6;318;328;0.25;"Homo sapiens";"Alaska"
"Posterior";"AMNH99.1/84-C";0;6;318;328;0.25;"Homo sapiens";"Alaska"
"Premolar";"AMNH99.1/84-C";0;4;318;328;0.25;"Homo sapiens";"Alaska"
"Anterior";"AMNH99.1/84-D";0;6;244;288;0.25;"Homo sapiens";"Alaska"
"Posterior";"AMNH99.1/84-D";0;6;244;288;0.25;"Homo sapiens";"Alaska"
"Premolar";"AMNH99.1/84-D";0;4;244;288;0.25;"Homo sapiens";"Alaska"
"Anterior";"AMNH99.1/86-C";2;12;321;326;0.25;"Homo sapiens";"Alaska"
"Posterior";"AMNH99.1/86-C";1;11;321;326;0.25;"Homo sapiens";"Alaska"
"Premolar";"AMNH99.1/86-C";2;8;321;326;0.25;"Homo sapiens";"Alaska"
"Anterior";"AMNH99.1/86-D";4;12;326;336;0.25;"Homo sapiens";"Alaska"
"Posterior";"AMNH99.1/86-D";2;8;326;336;0.25;"Homo sapiens";"Alaska"
"Premolar";"AMNH99.1/86-D";3;8;326;336;0.25;"Homo sapiens";"Alaska"
"Anterior";"AMNH99.1/87";2;12;314;19;0.75;"Homo sapiens";"Alaska"
"Posterior";"AMNH99.1/87";4;9;314;19;0.75;"Homo sapiens";"Alaska"
"Premolar";"AMNH99.1/87";2;8;314;19;0.75;"Homo sapiens";"Alaska"
"Anterior";"AMNH99.1/89-A";0;12;310;322;0.75;"Homo sapiens";"Alaska"
"Posterior";"AMNH99.1/89-A";0;12;310;322;0.75;"Homo sapiens";"Alaska"
"Premolar";"AMNH99.1/89-A";0;8;310;322;0.75;"Homo sapiens";"Alaska"
"Anterior";"AMNH99.1/89-B";0;12;187;248;0.75;"Homo sapiens";"Alaska"
"Posterior";"AMNH99.1/89-B";0;12;187;248;0.75;"Homo sapiens";"Alaska"
"Premolar";"AMNH99.1/89-B";0;8;187;248;0.75;"Homo sapiens";"Alaska"
"Anterior";"AMNH99.1/90";3;12;331;23;0.75;"Homo sapiens";"Alaska"
"Posterior";"AMNH99.1/90";6;10;331;23;0.75;"Homo sapiens";"Alaska"
"Premolar";"AMNH99.1/90";3;8;331;23;0.75;"Homo sapiens";"Alaska"
"Anterior";"AMNH99.1/91-A";4;12;227;280;0.75;"Homo sapiens";"Alaska"
"Posterior";"AMNH99.1/91-A";6;12;227;280;0.75;"Homo sapiens";"Alaska"
"Premolar";"AMNH99.1/91-A";1;8;227;280;0.75;"Homo sapiens";"Alaska"
"Anterior";"AMNH99.1/91-B";1;12;326;336;0.5;"Homo sapiens";"Alaska"
"Posterior";"AMNH99.1/91-B";7;10;326;336;0.5;"Homo sapiens";"Alaska"
"Premolar";"AMNH99.1/91-B";1;8;326;336;0.5;"Homo sapiens";"Alaska"
"Anterior";"AMNH99.1/94";0;12;253;296;0.25;"Homo sapiens";"Alaska"
"Posterior";"AMNH99.1/94";0;12;253;296;0.25;"Homo sapiens";"Alaska"
"Premolar";"AMNH99.1/94";0;8;253;296;0.25;"Homo sapiens";"Alaska"
"Anterior";"AMNH99.1/96-A";0;12;283;310;0.75;"Homo sapiens";"Alaska"
"Posterior";"AMNH99.1/96-A";0;12;283;310;0.75;"Homo sapiens";"Alaska"
"Premolar";"AMNH99.1/96-A";0;8;283;310;0.75;"Homo sapiens";"Alaska"
"Anterior";"AMNH99.1/97";4;12;271;306;0.75;"Homo sapiens";"Alaska"
"Posterior";"AMNH99.1/97";3;10;271;306;0.75;"Homo sapiens";"Alaska"
"Premolar";"AMNH99.1/97";1;8;271;306;0.75;"Homo sapiens";"Alaska"
"Anterior";"AMNH99.1/98";0;12;214;272;0.75;"Homo sapiens";"Alaska"
"Posterior";"AMNH99.1/98";1;12;214;272;0.75;"Homo sapiens";"Alaska"
"Premolar";"AMNH99.1/98";1;8;214;272;0.75;"Homo sapiens";"Alaska"
"Anterior";"AMNH99.1/99";0;12;227;280;0.25;"Homo sapiens";"Alaska"
"Posterior";"AMNH99.1/99";0;12;227;280;0.25;"Homo sapiens";"Alaska"
"Premolar";"AMNH99.1/99";0;8;227;280;0.25;"Homo sapiens";"Alaska"
"Anterior";"BM1868.4.16.2";0;12;15;127;1;"Pongo";"Borneo"
"Posterior";"BM1868.4.16.2";0;12;15;127;1;"Pongo";"Borneo"
"Premolar";"BM1868.4.16.2";0;8;15;127;1;"Pongo";"Borneo"
"Anterior";"BM1884.10.30.1";0;6;22;171;1;"Pongo";"Borneo"
"Posterior";"BM1884.10.30.1";0;6;22;171;1;"Pongo";"Borneo"
"Premolar";"BM1884.10.30.1";0;4;22;171;1;"Pongo";"Borneo"
"Anterior";"BM1884.10.30.2";2;12;22;171;1;"Pongo";"Borneo"
"Posterior";"BM1884.10.30.2";0;12;22;171;1;"Pongo";"Borneo"
"Premolar";"BM1884.10.30.2";0;8;22;171;1;"Pongo";"Borneo"
"Anterior";"BM1886.12.20.10";0;12;26;183;1;"Pongo";"Borneo"
"Posterior";"BM1886.12.20.10";0;12;26;183;1;"Pongo";"Borneo"
"Premolar";"BM1886.12.20.10";0;8;26;183;1;"Pongo";"Borneo"
"Anterior";"BM1898.2.28.11";0;12;24;178;1;"Pongo";"Borneo"
"Posterior";"BM1898.2.28.11";0;12;24;178;1;"Pongo";"Borneo"
"Premolar";"BM1898.2.28.11";0;8;24;178;1;"Pongo";"Borneo"
"Anterior";"BM1899.11.6.1";0;12;51;109;0;"Papio";"Arabia"
"Posterior";"BM1899.11.6.1";0;12;51;109;0;"Papio";"Arabia"
"Premolar";"BM1899.11.6.1";0;8;51;109;0;"Papio";"Arabia"
"Anterior";"BM1899.6.10.2";0;12;69;149;1;"Papio";"East Africa"
"Posterior";"BM1899.6.10.2";0;12;69;149;1;"Papio";"East Africa"
"Premolar";"BM1899.6.10.2";0;8;69;149;1;"Papio";"East Africa"
"Anterior";"BM1899.7.8.1";0;12;116;217;1;"Papio";"East Africa"
"Posterior";"BM1899.7.8.1";0;12;116;217;1;"Papio";"East Africa"
"Premolar";"BM1899.7.8.1";0;8;116;217;1;"Papio";"East Africa"
"Anterior";"BM1900.3.18.1";0;12;69;149;1;"Papio";"East Africa"
"Posterior";"BM1900.3.18.1";0;12;69;149;1;"Papio";"East Africa"
"Premolar";"BM1900.3.18.1";0;8;69;149;1;"Papio";"East Africa"
"Anterior";"BM1900.6.28.1";0;12;7;31;1;"Papio";"Arabia"
"Posterior";"BM1900.6.28.1";0;12;7;31;1;"Papio";"Arabia"
"Premolar";"BM1900.6.28.1";0;8;7;31;1;"Papio";"Arabia"
"Anterior";"BM1901.2.13.1";0;12;77;157;1;"Papio";"West Africa"
"Posterior";"BM1901.2.13.1";0;12;77;157;1;"Papio";"West Africa"
"Premolar";"BM1901.2.13.1";0;8;77;157;1;"Papio";"West Africa"
"Anterior";"BM1901.8.9.23";0;12;69;149;0;"Papio";"East Africa"
"Posterior";"BM1901.8.9.23";0;12;69;149;0;"Papio";"East Africa"
"Premolar";"BM1901.8.9.23";0;8;69;149;0;"Papio";"East Africa"
"Anterior";"BM1902.11.22.1";0;12;16;40;1;"Papio";"Arabia"
"Posterior";"BM1902.11.22.1";0;12;16;40;1;"Papio";"Arabia"
"Premolar";"BM1902.11.22.1";0;8;16;40;1;"Papio";"Arabia"
"Anterior";"BM1902.9.2.1";0;12;82;170;1;"Papio";"East Africa"
"Posterior";"BM1902.9.2.1";0;12;82;170;1;"Papio";"East Africa"
"Premolar";"BM1902.9.2.1";0;8;82;170;1;"Papio";"East Africa"
"Anterior";"BM1902.9.9.3";0;12;112;210;1;"Papio";"East Africa"
"Posterior";"BM1902.9.9.3";0;9;112;210;1;"Papio";"East Africa"
"Premolar";"BM1902.9.9.3";0;8;112;210;1;"Papio";"East Africa"
"Anterior";"BM1904.11.5.2";0;12;98;193;1;"Papio";"East Africa"
"Posterior";"BM1904.11.5.2";0;12;98;193;1;"Papio";"East Africa"
"Premolar";"BM1904.11.5.2";0;8;98;193;1;"Papio";"East Africa"
"Anterior";"BM1904.8.2.1";0;12;16;40;1;"Papio";"Arabia"
"Posterior";"BM1904.8.2.1";0;12;16;40;1;"Papio";"Arabia"
"Premolar";"BM1904.8.2.1";0;8;16;40;1;"Papio";"Arabia"
"Anterior";"BM1904.8.2.3";0;12;51;109;1;"Papio";"East Africa"
"Posterior";"BM1904.8.2.3";0;12;51;109;1;"Papio";"East Africa"
"Premolar";"BM1904.8.2.3";0;8;51;109;1;"Papio";"East Africa"
"Anterior";"BM1905.5.10.1";0;12;104;200;1;"Papio";"West Africa"
"Posterior";"BM1905.5.10.1";0;12;104;200;1;"Papio";"West Africa"
"Premolar";"BM1905.5.10.1";0;8;104;200;1;"Papio";"West Africa"
"Anterior";"BM1906.11.1.6";0;12;87;177;1;"Papio";"East Africa"
"Posterior";"BM1906.11.1.6";0;12;87;177;1;"Papio";"East Africa"
"Premolar";"BM1906.11.1.6";0;8;87;177;1;"Papio";"East Africa"
"Anterior";"BM1907.7.8.11";0;12;82;170;1;"Papio";"Central Africa"
"Posterior";"BM1907.7.8.11";0;12;82;170;1;"Papio";"Central Africa"
"Premolar";"BM1907.7.8.11";0;8;82;170;1;"Papio";"Central Africa"
"Anterior";"BM1908.7.17.1";0;6;46;237;1;"Pongo";"Borneo"
"Posterior";"BM1908.7.17.1";0;6;46;237;1;"Pongo";"Borneo"
"Premolar";"BM1908.7.17.1";0;4;46;237;1;"Pongo";"Borneo"
"Anterior";"BM1908.8.9.41";0;6;79;165;1;"Papio";"East Africa"
"Posterior";"BM1908.8.9.41";0;6;79;165;1;"Papio";"East Africa"
"Premolar";"BM1908.8.9.41";0;4;79;165;1;"Papio";"East Africa"
"Anterior";"BM1908.8.9.42";0;12;126;228;0;"Papio";"East Africa"
"Posterior";"BM1908.8.9.42";0;12;126;228;0;"Papio";"East Africa"
"Premolar";"BM1908.8.9.42";0;8;126;228;0;"Papio";"East Africa"
"Anterior";"BM1909.6.11";0;12;25;58;1;"Papio";"East Africa"
"Posterior";"BM1909.6.11";0;12;25;58;1;"Papio";"East Africa"
"Premolar";"BM1909.6.11";0;8;25;58;1;"Papio";"East Africa"
"Anterior";"BM1910.10.3.1";0;12;19;45;1;"Papio";"East Africa"
"Posterior";"BM1910.10.3.1";0;9;19;45;1;"Papio";"East Africa"
"Premolar";"BM1910.10.3.1";0;7;19;45;1;"Papio";"East Africa"
"Anterior";"BM1911.12.1.1";0;12;66;142;1;"Papio";"East Africa"
"Posterior";"BM1911.12.1.1";0;12;66;142;1;"Papio";"East Africa"
"Premolar";"BM1911.12.1.1";0;8;66;142;1;"Papio";"East Africa"
"Anterior";"BM1913.10.18.2";0;12;79;165;1;"Papio";"East Africa"
"Posterior";"BM1913.10.18.2";0;12;79;165;1;"Papio";"East Africa"
"Premolar";"BM1913.10.18.2";1;8;79;165;1;"Papio";"East Africa"
"Anterior";"BM1913.10.18.3";0;6;129;230;1;"Papio";"East Africa"
"Posterior";"BM1913.10.18.3";0;6;129;230;1;"Papio";"East Africa"
"Premolar";"BM1913.10.18.3";0;4;129;230;1;"Papio";"East Africa"
"Anterior";"BM1914.3.8.2";0;12;161;259;0;"Papio";"East Africa"
"Posterior";"BM1914.3.8.2";0;12;161;259;0;"Papio";"East Africa"
"Premolar";"BM1914.3.8.2";0;8;161;259;0;"Papio";"East Africa"
"Anterior";"BM1918.11.8.1";0;6;112;210;1;"Papio";"East Africa"
"Posterior";"BM1918.11.8.1";0;6;112;210;1;"Papio";"East Africa"
"Premolar";"BM1918.11.8.1";0;4;112;210;1;"Papio";"East Africa"
"Anterior";"BM1922.12.19.6";0;12;66;142;1;"Papio";"Central Africa"
"Posterior";"BM1922.12.19.6";0;12;66;142;1;"Papio";"Central Africa"
"Premolar";"BM1922.12.19.6";0;8;66;142;1;"Papio";"Central Africa"
"Anterior";"BM1923.3.4.3";0;12;183;271;0;"Papio";"East Africa"
"Posterior";"BM1923.3.4.3";0;12;183;271;0;"Papio";"East Africa"
"Premolar";"BM1923.3.4.3";0;8;183;271;0;"Papio";"East Africa"
"Anterior";"BM1924.2.25.1";0;12;90;182;1;"Papio";"East Africa"
"Posterior";"BM1924.2.25.1";0;12;90;182;1;"Papio";"East Africa"
"Premolar";"BM1924.2.25.1";0;8;90;182;1;"Papio";"East Africa"
"Anterior";"BM1924.8.6.15";0;12;79;165;1;"Papio";"West Africa"
"Posterior";"BM1924.8.6.15";0;12;79;165;1;"Papio";"West Africa"
"Premolar";"BM1924.8.6.15";0;8;79;165;1;"Papio";"West Africa"
"Anterior";"BM1924.8.6.16";0;12;129;230;0;"Papio";"West Africa"
"Posterior";"BM1924.8.6.16";0;12;129;230;0;"Papio";"West Africa"
"Premolar";"BM1924.8.6.16";0;8;129;230;0;"Papio";"West Africa"
"Anterior";"BM1925.5.12.1";0;12;104;200;1;"Papio";"West Africa"
"Posterior";"BM1925.5.12.1";0;12;104;200;1;"Papio";"West Africa"
"Premolar";"BM1925.5.12.1";0;8;104;200;1;"Papio";"West Africa"
"Anterior";"BM1927.8.14.1";0;6;42;88;0;"Papio";"East Africa"
"Posterior";"BM1927.8.14.1";0;6;42;88;0;"Papio";"East Africa"
"Premolar";"BM1927.8.14.1";0;4;42;88;0;"Papio";"East Africa"
"Anterior";"BM1930.12.1.2";0;12;87;177;0;"Papio";"East Africa"
"Posterior";"BM1930.12.1.2";0;12;87;177;0;"Papio";"East Africa"
"Premolar";"BM1930.12.1.2";0;8;87;177;0;"Papio";"East Africa"
"Anterior";"BM1931.4.1.1";0;12;79;165;1;"Papio";"East Africa"
"Posterior";"BM1931.4.1.1";0;12;79;165;1;"Papio";"East Africa"
"Premolar";"BM1931.4.1.1";0;8;79;165;1;"Papio";"East Africa"
"Anterior";"BM1932.7.6.1";0;12;21;51;1;"Papio";"East Africa"
"Posterior";"BM1932.7.6.1";0;12;21;51;1;"Papio";"East Africa"
"Premolar";"BM1932.7.6.1";0;8;21;51;1;"Papio";"East Africa"
"Anterior";"BM1934.11.20.1";0;12;69;149;1;"Papio";"East Africa"
"Posterior";"BM1934.11.20.1";0;12;69;149;1;"Papio";"East Africa"
"Premolar";"BM1934.11.20.1";0;8;69;149;1;"Papio";"East Africa"
"Anterior";"BM1935.10.22.24";0;6;95;187;0;"Papio";"West Africa"
"Posterior";"BM1935.10.22.24";0;6;95;187;0;"Papio";"West Africa"
"Premolar";"BM1935.10.22.24";0;4;95;187;0;"Papio";"West Africa"
"Anterior";"BM1935.2.14.1";0;12;79;165;1;"Papio";"East Africa"
"Posterior";"BM1935.2.14.1";0;12;79;165;1;"Papio";"East Africa"
"Premolar";"BM1935.2.14.1";0;8;79;165;1;"Papio";"East Africa"
"Anterior";"BM1936.12.28.1";0;12;69;149;1;"Papio";"East Africa"
"Posterior";"BM1936.12.28.1";0;12;69;149;1;"Papio";"East Africa"
"Premolar";"BM1936.12.28.1";0;8;69;149;1;"Papio";"East Africa"
"Anterior";"BM1936.12.28.2";0;12;69;149;1;"Papio";"East Africa"
"Posterior";"BM1936.12.28.2";0;12;69;149;1;"Papio";"East Africa"
"Premolar";"BM1936.12.28.2";0;8;69;149;1;"Papio";"East Africa"
"Anterior";"BM1938.7.17.1";1;12;239;294;1;"Papio";"Central Africa"
"Posterior";"BM1938.7.17.1";0;12;239;294;1;"Papio";"Central Africa"
"Premolar";"BM1938.7.17.1";0;8;239;294;1;"Papio";"Central Africa"
"Anterior";"BM1939.1005";0;6;26;183;1;"Pongo";"Borneo"
"Posterior";"BM1939.1005";0;6;26;183;1;"Pongo";"Borneo"
"Premolar";"BM1939.1005";0;4;26;183;1;"Pongo";"Borneo"
"Anterior";"BM1939.1006";0;6;6;86;1;"Pongo";"Borneo"
"Posterior";"BM1939.1006";0;6;6;86;1;"Pongo";"Borneo"
"Premolar";"BM1939.1006";0;4;6;86;1;"Pongo";"Borneo"
"Anterior";"BM1939.1007";0;12;340;50;0;"Pongo";"Borneo"
"Posterior";"BM1939.1007";0;12;340;50;0;"Pongo";"Borneo"
"Premolar";"BM1939.1007";0;8;340;50;0;"Pongo";"Borneo"
"Anterior";"BM1939.1008";0;12;6;86;0;"Pongo";"Borneo"
"Posterior";"BM1939.1008";0;12;6;86;0;"Pongo";"Borneo"
"Premolar";"BM1939.1008";0;8;6;86;0;"Pongo";"Borneo"
"Anterior";"BM1939.1021";0;12;90;182;1;"Papio";"West Africa"
"Posterior";"BM1939.1021";0;12;90;182;1;"Papio";"West Africa"
"Premolar";"BM1939.1021";0;8;90;182;1;"Papio";"West Africa"
"Anterior";"BM1962.25";0;12;82;170;0;"Papio";"East Africa"
"Posterior";"BM1962.25";0;12;82;170;0;"Papio";"East Africa"
"Premolar";"BM1962.25";0;8;82;170;0;"Papio";"East Africa"
"Anterior";"BM1964.2174";0;12;79;165;0;"Papio";"East Africa"
"Posterior";"BM1964.2174";0;12;79;165;0;"Papio";"East Africa"
"Premolar";"BM1964.2174";0;8;79;165;0;"Papio";"East Africa"
"Anterior";"BM1971.2353";0;6;112;210;1;"Papio";"West Africa"
"Posterior";"BM1971.2353";0;6;112;210;1;"Papio";"West Africa"
"Premolar";"BM1971.2353";0;4;112;210;1;"Papio";"West Africa"
"Anterior";"BM1971.2354";0;7;95;187;1;"Papio";"West Africa"
"Posterior";"BM1971.2354";0;6;95;187;1;"Papio";"West Africa"
"Premolar";"BM1971.2354";0;4;95;187;1;"Papio";"West Africa"
"Anterior";"BM1976.1408";0;12;44;234;0;"Pongo";"Borneo"
"Posterior";"BM1976.1408";0;13;44;234;0;"Pongo";"Borneo"
"Premolar";"BM1976.1408";0;8;44;234;0;"Pongo";"Borneo"
"Anterior";"BM1976.1409";0;12;24;178;0;"Pongo";"Borneo"
"Posterior";"BM1976.1409";0;12;24;178;0;"Pongo";"Borneo"
"Premolar";"BM1976.1409";0;8;24;178;0;"Pongo";"Borneo"
"Anterior";"BM1976.1415";0;12;14;123;0;"Pongo";"Borneo"
"Posterior";"BM1976.1415";0;12;14;123;0;"Pongo";"Borneo"
"Premolar";"BM1976.1415";0;8;14;123;0;"Pongo";"Borneo"
"Anterior";"BM1976.1416";0;12;8;92;0;"Pongo";"Borneo"
"Posterior";"BM1976.1416";0;11;8;92;0;"Pongo";"Borneo"
"Premolar";"BM1976.1416";0;8;8;92;0;"Pongo";"Borneo"
"Anterior";"BM1976.1417";0;6;6;86;0;"Pongo";"Borneo"
"Posterior";"BM1976.1417";0;7;6;86;0;"Pongo";"Borneo"
"Premolar";"BM1976.1417";0;3;6;86;0;"Pongo";"Borneo"
"Anterior";"BM1976.1418";0;12;6;86;0;"Pongo";"Borneo"
"Posterior";"BM1976.1418";0;12;6;86;0;"Pongo";"Borneo"
"Premolar";"BM1976.1418";0;8;6;86;0;"Pongo";"Borneo"
"Anterior";"BM1976.1419";0;12;6;86;0;"Pongo";"Borneo"
"Posterior";"BM1976.1419";0;12;6;86;0;"Pongo";"Borneo"
"Premolar";"BM1976.1419";0;8;6;86;0;"Pongo";"Borneo"
"Anterior";"BM1976.1420";0;10;4;80;0;"Pongo";"Borneo"
"Posterior";"BM1976.1420";0;12;4;80;0;"Pongo";"Borneo"
"Premolar";"BM1976.1420";0;8;4;80;0;"Pongo";"Borneo"
"Anterior";"BM1976.1421";0;12;3;73;0;"Pongo";"Borneo"
"Posterior";"BM1976.1421";0;12;3;73;0;"Pongo";"Borneo"
"Premolar";"BM1976.1421";0;8;3;73;0;"Pongo";"Borneo"
"Anterior";"BM1976.1422";0;12;11;106;0;"Pongo";"Borneo"
"Posterior";"BM1976.1422";0;12;11;106;0;"Pongo";"Borneo"
"Premolar";"BM1976.1422";0;8;11;106;0;"Pongo";"Borneo"
"Anterior";"BM1976.1423";0;12;6;86;0;"Pongo";"Borneo"
"Posterior";"BM1976.1423";0;12;6;86;0;"Pongo";"Borneo"
"Premolar";"BM1976.1423";0;8;6;86;0;"Pongo";"Borneo"
"Anterior";"BM1976.1424";0;12;22;171;1;"Pongo";"Borneo"
"Posterior";"BM1976.1424";0;12;22;171;1;"Pongo";"Borneo"
"Premolar";"BM1976.1424";0;8;22;171;1;"Pongo";"Borneo"
"Anterior";"BM1976.1425";0;12;8;92;1;"Pongo";"Borneo"
"Posterior";"BM1976.1425";0;13;8;92;1;"Pongo";"Borneo"
"Premolar";"BM1976.1425";0;8;8;92;1;"Pongo";"Borneo"
"Anterior";"BM1976.1426";0;12;13;116;1;"Pongo";"Borneo"
"Posterior";"BM1976.1426";0;12;13;116;1;"Pongo";"Borneo"
"Premolar";"BM1976.1426";0;8;13;116;1;"Pongo";"Borneo"
"Anterior";"BM1976.1427";0;12;30;189;0;"Pongo";"Borneo"
"Posterior";"BM1976.1427";0;12;30;189;0;"Pongo";"Borneo"
"Premolar";"BM1976.1427";0;8;30;189;0;"Pongo";"Borneo"
"Anterior";"BM1976.1428";0;12;18;138;1;"Pongo";"Borneo"
"Posterior";"BM1976.1428";0;12;18;138;1;"Pongo";"Borneo"
"Premolar";"BM1976.1428";0;8;18;138;1;"Pongo";"Borneo"
"Anterior";"BM1976.1429";0;12;340;50;0.5;"Pongo";"Borneo"
"Posterior";"BM1976.1429";0;12;340;50;0.5;"Pongo";"Borneo"
"Premolar";"BM1976.1429";0;8;340;50;0.5;"Pongo";"Borneo"
"Anterior";"BM1976.1430";0;12;2;64;0;"Pongo";"Borneo"
"Posterior";"BM1976.1430";0;12;2;64;0;"Pongo";"Borneo"
"Premolar";"BM1976.1430";0;8;2;64;0;"Pongo";"Borneo"
"Anterior";"BM1976.1431";0;12;15;127;1;"Pongo";"Borneo"
"Posterior";"BM1976.1431";0;12;15;127;1;"Pongo";"Borneo"
"Premolar";"BM1976.1431";0;8;15;127;1;"Pongo";"Borneo"
"Anterior";"BM1976.1434";0;12;8;92;1;"Pongo";"Borneo"
"Posterior";"BM1976.1434";0;12;8;92;1;"Pongo";"Borneo"
"Premolar";"BM1976.1434";0;8;8;92;1;"Pongo";"Borneo"
"Anterior";"BM1976.1435";0;12;338;36;1;"Pongo";"Borneo"
"Posterior";"BM1976.1435";0;12;338;36;1;"Pongo";"Borneo"
"Premolar";"BM1976.1435";0;8;338;36;1;"Pongo";"Borneo"
"Anterior";"BM1976.1436";0;12;3;73;1;"Pongo";"Borneo"
"Posterior";"BM1976.1436";0;12;3;73;1;"Pongo";"Borneo"
"Premolar";"BM1976.1436";0;8;3;73;1;"Pongo";"Borneo"
"Anterior";"BM1976.1437";0;6;6;86;1;"Pongo";"Borneo"
"Posterior";"BM1976.1437";0;6;6;86;1;"Pongo";"Borneo"
"Premolar";"BM1976.1437";0;4;6;86;1;"Pongo";"Borneo"
"Anterior";"BM1976.1438";0;6;337;32;1;"Pongo";"Borneo"
"Posterior";"BM1976.1438";0;6;337;32;1;"Pongo";"Borneo"
"Premolar";"BM1976.1438";0;4;337;32;1;"Pongo";"Borneo"
"Anterior";"BM1976.1439";0;12;336;7;1;"Pongo";"Borneo"
"Posterior";"BM1976.1439";0;12;336;7;1;"Pongo";"Borneo"
"Premolar";"BM1976.1439";0;8;336;7;1;"Pongo";"Borneo"
"Anterior";"BM1976.1440";0;12;14;123;1;"Pongo";"Borneo"
"Posterior";"BM1976.1440";0;12;14;123;1;"Pongo";"Borneo"
"Premolar";"BM1976.1440";0;8;14;123;1;"Pongo";"Borneo"
"Anterior";"BM1976.1442";0;12;3;73;1;"Pongo";"Borneo"
"Posterior";"BM1976.1442";0;12;3;73;1;"Pongo";"Borneo"
"Premolar";"BM1976.1442";0;8;3;73;1;"Pongo";"Borneo"
"Anterior";"BM1976.1443";0;12;11;106;1;"Pongo";"Borneo"
"Posterior";"BM1976.1443";0;14;11;106;1;"Pongo";"Borneo"
"Premolar";"BM1976.1443";0;8;11;106;1;"Pongo";"Borneo"
"Anterior";"BM50a";0;12;19;45;1;"Papio";"East Africa"
"Posterior";"BM50a";0;12;19;45;1;"Papio";"East Africa"
"Premolar";"BM50a";0;8;19;45;1;"Papio";"East Africa"
"Anterior";"BRK125458";0;6;194;173;0.25;"Homo sapiens";"Native Californian"
"Posterior";"BRK125458";1;12;194;173;0.25;"Homo sapiens";"Native Californian"
"Premolar";"BRK125458";0;6;194;173;0.25;"Homo sapiens";"Native Californian"
"Anterior";"BRK125462";1;12;322;282;0.25;"Homo sapiens";"Native Californian"
"Posterior";"BRK125462";7;12;322;282;0.25;"Homo sapiens";"Native Californian"
"Premolar";"BRK125462";0;8;322;282;0.25;"Homo sapiens";"Native Californian"
"Anterior";"BRK125598";0;11;173;169;0.75;"Homo sapiens";"Native Californian"
"Posterior";"BRK125598";0;9;173;169;0.75;"Homo sapiens";"Native Californian"
"Premolar";"BRK125598";0;5;173;169;0.75;"Homo sapiens";"Native Californian"
"Anterior";"BRK125610";0;12;117;93;0.5;"Homo sapiens";"Native Californian"
"Posterior";"BRK125610";1;11;117;93;0.5;"Homo sapiens";"Native Californian"
"Premolar";"BRK125610";0;8;117;93;0.5;"Homo sapiens";"Native Californian"
"Anterior";"BRK125660";0;12;327;19;0.75;"Homo sapiens";"Native Californian"
"Posterior";"BRK125660";4;11;327;19;0.75;"Homo sapiens";"Native Californian"
"Premolar";"BRK125660";1;8;327;19;0.75;"Homo sapiens";"Native Californian"
"Anterior";"BRK125661";0;12;235;209;0.75;"Homo sapiens";"Native Californian"
"Posterior";"BRK125661";0;12;235;209;0.75;"Homo sapiens";"Native Californian"
"Premolar";"BRK125661";0;8;235;209;0.75;"Homo sapiens";"Native Californian"
"Anterior";"BRK125666";0;6;269;249;0.25;"Homo sapiens";"Native Californian"
"Posterior";"BRK125666";0;6;269;249;0.25;"Homo sapiens";"Native Californian"
"Premolar";"BRK125666";0;4;269;249;0.25;"Homo sapiens";"Native Californian"
"Anterior";"BRK125670";1;10;263;240;0.5;"Homo sapiens";"Native Californian"
"Posterior";"BRK125670";0;7;263;240;0.5;"Homo sapiens";"Native Californian"
"Premolar";"BRK125670";0;6;263;240;0.5;"Homo sapiens";"Native Californian"
"Anterior";"BRK125675";1;12;273;253;0.5;"Homo sapiens";"Native Californian"
"Posterior";"BRK125675";4;12;273;253;0.5;"Homo sapiens";"Native Californian"
"Premolar";"BRK125675";0;9;273;253;0.5;"Homo sapiens";"Native Californian"
"Anterior";"BRK125676";0;9;272;251;0.75;"Homo sapiens";"Native Californian"
"Posterior";"BRK125676";0;12;272;251;0.75;"Homo sapiens";"Native Californian"
"Premolar";"BRK125676";0;8;272;251;0.75;"Homo sapiens";"Native Californian"
"Anterior";"BRK125678";0;12;295;273;0.75;"Homo sapiens";"Native Californian"
"Posterior";"BRK125678";1;11;295;273;0.75;"Homo sapiens";"Native Californian"
"Premolar";"BRK125678";2;8;295;273;0.75;"Homo sapiens";"Native Californian"
"Anterior";"BRK125679";0;12;240;213;0.75;"Homo sapiens";"Native Californian"
"Posterior";"BRK125679";0;12;240;213;0.75;"Homo sapiens";"Native Californian"
"Premolar";"BRK125679";0;8;240;213;0.75;"Homo sapiens";"Native Californian"
"Anterior";"BRK125800";0;10;188;164;0.75;"Homo sapiens";"Native Californian"
"Posterior";"BRK125800";0;12;188;164;0.75;"Homo sapiens";"Native Californian"
"Premolar";"BRK125800";0;7;188;164;0.75;"Homo sapiens";"Native Californian"
"Anterior";"BRK125802";0;7;272;251;0.75;"Homo sapiens";"Native Californian"
"Posterior";"BRK125802";2;11;272;251;0.75;"Homo sapiens";"Native Californian"
"Premolar";"BRK125802";1;8;272;251;0.75;"Homo sapiens";"Native Californian"
"Anterior";"BRK125810";0;12;213;205;0.75;"Homo sapiens";"Native Californian"
"Posterior";"BRK125810";1;12;213;205;0.75;"Homo sapiens";"Native Californian"
"Premolar";"BRK125810";0;8;213;205;0.75;"Homo sapiens";"Native Californian"
"Anterior";"BRK125811";0;10;255;232;0.75;"Homo sapiens";"Native Californian"
"Posterior";"BRK125811";0;11;255;232;0.75;"Homo sapiens";"Native Californian"
"Premolar";"BRK125811";0;7;255;232;0.75;"Homo sapiens";"Native Californian"
"Anterior";"BRK125821";0;12;274;255;0.75;"Homo sapiens";"Native Californian"
"Posterior";"BRK125821";0;12;274;255;0.75;"Homo sapiens";"Native Californian"
"Premolar";"BRK125821";0;8;274;255;0.75;"Homo sapiens";"Native Californian"
"Anterior";"BRK125822";0;12;210;202;0.25;"Homo sapiens";"Native Californian"
"Posterior";"BRK125822";0;12;210;202;0.25;"Homo sapiens";"Native Californian"
"Premolar";"BRK125822";0;8;210;202;0.25;"Homo sapiens";"Native Californian"
"Anterior";"BRK125827";0;12;171;150;0.75;"Homo sapiens";"Native Californian"
"Posterior";"BRK125827";0;12;171;150;0.75;"Homo sapiens";"Native Californian"
"Premolar";"BRK125827";0;8;171;150;0.75;"Homo sapiens";"Native Californian"
"Anterior";"BRK125832";0;6;315;11;0.75;"Homo sapiens";"Native Californian"
"Posterior";"BRK125832";2;6;315;11;0.75;"Homo sapiens";"Native Californian"
"Premolar";"BRK125832";0;4;315;11;0.75;"Homo sapiens";"Native Californian"
"Anterior";"BRK126049";0;12;197;175;0.5;"Homo sapiens";"Native Californian"
"Posterior";"BRK126049";0;11;197;175;0.5;"Homo sapiens";"Native Californian"
"Premolar";"BRK126049";0;8;197;175;0.5;"Homo sapiens";"Native Californian"
"Anterior";"BRK126054";0;6;124;108;0.25;"Homo sapiens";"Native Californian"
"Posterior";"BRK126054";0;5;124;108;0.25;"Homo sapiens";"Native Californian"
"Premolar";"BRK126054";0;4;124;108;0.25;"Homo sapiens";"Native Californian"
"Anterior";"BRK126076";0;6;263;240;0.5;"Homo sapiens";"Native Californian"
"Posterior";"BRK126076";0;6;263;240;0.5;"Homo sapiens";"Native Californian"
"Premolar";"BRK126076";0;4;263;240;0.5;"Homo sapiens";"Native Californian"
"Anterior";"BRK126087";0;12;86;60;0.5;"Homo sapiens";"Native Californian"
"Posterior";"BRK126087";0;12;86;60;0.5;"Homo sapiens";"Native Californian"
"Premolar";"BRK126087";0;8;86;60;0.5;"Homo sapiens";"Native Californian"
"Anterior";"BRK126089";1;12;164;156;0.75;"Homo sapiens";"Native Californian"
"Posterior";"BRK126089";3;12;164;156;0.75;"Homo sapiens";"Native Californian"
"Premolar";"BRK126089";0;8;164;156;0.75;"Homo sapiens";"Native Californian"
"Anterior";"BRK126092";0;12;277;260;0.75;"Homo sapiens";"Native Californian"
"Posterior";"BRK126092";0;12;277;260;0.75;"Homo sapiens";"Native Californian"
"Premolar";"BRK126092";1;8;277;260;0.75;"Homo sapiens";"Native Californian"
"Anterior";"BRK126094";0;12;151;143;0.75;"Homo sapiens";"Native Californian"
"Posterior";"BRK126094";0;12;151;143;0.75;"Homo sapiens";"Native Californian"
"Premolar";"BRK126094";0;8;151;143;0.75;"Homo sapiens";"Native Californian"
"Anterior";"BRK126100";0;12;138;110;0.25;"Homo sapiens";"Native Californian"
"Posterior";"BRK126100";4;12;138;110;0.25;"Homo sapiens";"Native Californian"
"Premolar";"BRK126100";3;8;138;110;0.25;"Homo sapiens";"Native Californian"
"Anterior";"BRK126104";0;12;124;108;0.75;"Homo sapiens";"Native Californian"
"Posterior";"BRK126104";0;12;124;108;0.75;"Homo sapiens";"Native Californian"
"Premolar";"BRK126104";0;8;124;108;0.75;"Homo sapiens";"Native Californian"
"Anterior";"BRK126107";1;12;124;108;0.25;"Homo sapiens";"Native Californian"
"Posterior";"BRK126107";4;12;124;108;0.25;"Homo sapiens";"Native Californian"
"Premolar";"BRK126107";0;8;124;108;0.25;"Homo sapiens";"Native Californian"
"Anterior";"BRK126113";0;12;243;218;0.75;"Homo sapiens";"Native Californian"
"Posterior";"BRK126113";0;12;243;218;0.75;"Homo sapiens";"Native Californian"
"Premolar";"BRK126113";1;8;243;218;0.75;"Homo sapiens";"Native Californian"
"Anterior";"BRK126117";0;12;158;151;0.25;"Homo sapiens";"Native Californian"
"Posterior";"BRK126117";0;12;158;151;0.25;"Homo sapiens";"Native Californian"
"Premolar";"BRK126117";0;8;158;151;0.25;"Homo sapiens";"Native Californian"
"Anterior";"BRK126118";0;12;164;156;0.25;"Homo sapiens";"Native Californian"
"Posterior";"BRK126118";0;12;164;156;0.25;"Homo sapiens";"Native Californian"
"Premolar";"BRK126118";1;8;164;156;0.25;"Homo sapiens";"Native Californian"
"Anterior";"BRK126121";0;12;269;249;0.25;"Homo sapiens";"Native Californian"
"Posterior";"BRK126121";1;12;269;249;0.25;"Homo sapiens";"Native Californian"
"Premolar";"BRK126121";0;8;269;249;0.25;"Homo sapiens";"Native Californian"
"Anterior";"BRK126124";0;12;107;82;0.75;"Homo sapiens";"Native Californian"
"Posterior";"BRK126124";0;12;107;82;0.75;"Homo sapiens";"Native Californian"
"Premolar";"BRK126124";0;8;107;82;0.75;"Homo sapiens";"Native Californian"
"Anterior";"BRK126125";0;5;301;9;0.25;"Homo sapiens";"Native Californian"
"Posterior";"BRK126125";3;6;301;9;0.25;"Homo sapiens";"Native Californian"
"Premolar";"BRK126125";2;4;301;9;0.25;"Homo sapiens";"Native Californian"
"Anterior";"BRK126243";4;10;147;119;0.75;"Homo sapiens";"Native Californian"
"Posterior";"BRK126243";8;12;147;119;0.75;"Homo sapiens";"Native Californian"
"Premolar";"BRK126243";4;8;147;119;0.75;"Homo sapiens";"Native Californian"
"Anterior";"BRK126244";0;11;155;147;0.75;"Homo sapiens";"Native Californian"
"Posterior";"BRK126244";0;12;155;147;0.75;"Homo sapiens";"Native Californian"
"Premolar";"BRK126244";0;8;155;147;0.75;"Homo sapiens";"Native Californian"
"Anterior";"BRK126247";0;12;295;273;0.25;"Homo sapiens";"Native Californian"
"Posterior";"BRK126247";0;12;295;273;0.25;"Homo sapiens";"Native Californian"
"Premolar";"BRK126247";0;8;295;273;0.25;"Homo sapiens";"Native Californian"
"Anterior";"BRK126248";0;12;192;180;0.25;"Homo sapiens";"Native Californian"
"Posterior";"BRK126248";0;12;192;180;0.25;"Homo sapiens";"Native Californian"
"Premolar";"BRK126248";0;8;192;180;0.25;"Homo sapiens";"Native Californian"
"Anterior";"BRK126250";0;12;158;151;0.25;"Homo sapiens";"Native Californian"
"Posterior";"BRK126250";0;11;158;151;0.25;"Homo sapiens";"Native Californian"
"Premolar";"BRK126250";0;7;158;151;0.25;"Homo sapiens";"Native Californian"
"Anterior";"BRK126251";0;12;206;197;0.75;"Homo sapiens";"Native Californian"
"Posterior";"BRK126251";0;12;206;197;0.75;"Homo sapiens";"Native Californian"
"Premolar";"BRK126251";0;8;206;197;0.75;"Homo sapiens";"Native Californian"
"Anterior";"BRK126252";0;12;111;87;0.25;"Homo sapiens";"Native Californian"
"Posterior";"BRK126252";0;12;111;87;0.25;"Homo sapiens";"Native Californian"
"Premolar";"BRK126252";0;8;111;87;0.25;"Homo sapiens";"Native Californian"
"Anterior";"BRK126256";0;12;231;221;0.25;"Homo sapiens";"Native Californian"
"Posterior";"BRK126256";0;12;231;221;0.25;"Homo sapiens";"Native Californian"
"Premolar";"BRK126256";0;8;231;221;0.25;"Homo sapiens";"Native Californian"
"Anterior";"BRK126259";0;12;233;208;0.25;"Homo sapiens";"Native Californian"
"Posterior";"BRK126259";0;11;233;208;0.25;"Homo sapiens";"Native Californian"
"Premolar";"BRK126259";0;8;233;208;0.25;"Homo sapiens";"Native Californian"
"Anterior";"BRK126260";0;12;267;247;0.25;"Homo sapiens";"Native Californian"
"Posterior";"BRK126260";1;12;267;247;0.25;"Homo sapiens";"Native Californian"
"Premolar";"BRK126260";0;8;267;247;0.25;"Homo sapiens";"Native Californian"
"Anterior";"BRK126261";0;12;235;209;0.25;"Homo sapiens";"Native Californian"
"Posterior";"BRK126261";0;12;235;209;0.25;"Homo sapiens";"Native Californian"
"Premolar";"BRK126261";0;8;235;209;0.25;"Homo sapiens";"Native Californian"
"Anterior";"BRK126264";0;12;274;255;0.25;"Homo sapiens";"Native Californian"
"Posterior";"BRK126264";0;9;274;255;0.25;"Homo sapiens";"Native Californian"
"Premolar";"BRK126264";0;8;274;255;0.25;"Homo sapiens";"Native Californian"
"Anterior";"BRK126266";0;12;269;249;0.5;"Homo sapiens";"Native Californian"
"Posterior";"BRK126266";6;12;269;249;0.5;"Homo sapiens";"Native Californian"
"Premolar";"BRK126266";2;8;269;249;0.5;"Homo sapiens";"Native Californian"
"Anterior";"BRK126271";2;11;150;122;0.5;"Homo sapiens";"Native Californian"
"Posterior";"BRK126271";4;12;150;122;0.5;"Homo sapiens";"Native Californian"
"Premolar";"BRK126271";4;8;150;122;0.5;"Homo sapiens";"Native Californian"
"Posterior";"BRK126291";1;7;107;82;0.5;"Homo sapiens";"Native Californian"
"Anterior";"BRK126292";0;12;269;249;0.5;"Homo sapiens";"Native Californian"
"Posterior";"BRK126292";0;11;269;249;0.5;"Homo sapiens";"Native Californian"
"Premolar";"BRK126292";0;8;269;249;0.5;"Homo sapiens";"Native Californian"
"Anterior";"BRK126472";0;12;192;180;0.25;"Homo sapiens";"Native Californian"
"Posterior";"BRK126472";0;12;192;180;0.25;"Homo sapiens";"Native Californian"
"Premolar";"BRK126472";0;8;192;180;0.25;"Homo sapiens";"Native Californian"
"Anterior";"BRK126755";0;7;155;147;0.75;"Homo sapiens";"Native Californian"
"Posterior";"BRK126755";0;9;155;147;0.75;"Homo sapiens";"Native Californian"
"Premolar";"BRK126755";0;6;155;147;0.75;"Homo sapiens";"Native Californian"
"Anterior";"BRK126757";0;12;225;203;0.75;"Homo sapiens";"Native Californian"
"Posterior";"BRK126757";0;12;225;203;0.75;"Homo sapiens";"Native Californian"
"Premolar";"BRK126757";0;8;225;203;0.75;"Homo sapiens";"Native Californian"
"Anterior";"BRK126758";0;12;124;108;0.25;"Homo sapiens";"Native Californian"
"Posterior";"BRK126758";0;12;124;108;0.25;"Homo sapiens";"Native Californian"
"Premolar";"BRK126758";0;8;124;108;0.25;"Homo sapiens";"Native Californian"
"Anterior";"BRK126760";0;10;158;151;0.75;"Homo sapiens";"Native Californian"
"Posterior";"BRK126760";0;12;158;151;0.75;"Homo sapiens";"Native Californian"
"Premolar";"BRK126760";0;8;158;151;0.75;"Homo sapiens";"Native Californian"
"Anterior";"BRK126761";1;12;263;240;0.75;"Homo sapiens";"Native Californian"
"Posterior";"BRK126761";1;12;263;240;0.75;"Homo sapiens";"Native Californian"
"Premolar";"BRK126761";0;8;263;240;0.75;"Homo sapiens";"Native Californian"
"Anterior";"BRK126764";0;12;118;98;0.75;"Homo sapiens";"Native Californian"
"Posterior";"BRK126764";0;12;118;98;0.75;"Homo sapiens";"Native Californian"
"Premolar";"BRK126764";0;8;118;98;0.75;"Homo sapiens";"Native Californian"
"Anterior";"BRK126765";0;11;202;194;0.5;"Homo sapiens";"Native Californian"
"Posterior";"BRK126765";1;11;202;194;0.5;"Homo sapiens";"Native Californian"
"Premolar";"BRK126765";0;8;202;194;0.5;"Homo sapiens";"Native Californian"
"Anterior";"BRK126766";0;12;164;156;0.75;"Homo sapiens";"Native Californian"
"Posterior";"BRK126766";0;12;164;156;0.75;"Homo sapiens";"Native Californian"
"Premolar";"BRK126766";0;8;164;156;0.75;"Homo sapiens";"Native Californian"
"Anterior";"BRK126767";0;12;218;196;0.75;"Homo sapiens";"Native Californian"
"Posterior";"BRK126767";0;12;218;196;0.75;"Homo sapiens";"Native Californian"
"Premolar";"BRK126767";0;8;218;196;0.75;"Homo sapiens";"Native Californian"
"Anterior";"BRK126768";1;11;276;258;0.25;"Homo sapiens";"Native Californian"
"Posterior";"BRK126768";6;10;276;258;0.25;"Homo sapiens";"Native Californian"
"Premolar";"BRK126768";1;7;276;258;0.25;"Homo sapiens";"Native Californian"
"Anterior";"BRK126773";0;12;295;273;0.75;"Homo sapiens";"Native Californian"
"Posterior";"BRK126773";5;12;295;273;0.75;"Homo sapiens";"Native Californian"
"Premolar";"BRK126773";0;8;295;273;0.75;"Homo sapiens";"Native Californian"
"Anterior";"BRK126774";1;12;115;91;0.25;"Homo sapiens";"Native Californian"
"Posterior";"BRK126774";4;12;115;91;0.25;"Homo sapiens";"Native Californian"
"Premolar";"BRK126774";3;8;115;91;0.25;"Homo sapiens";"Native Californian"
"Anterior";"BRK126776";1;12;290;267;0.5;"Homo sapiens";"Native Californian"
"Posterior";"BRK126776";2;12;290;267;0.5;"Homo sapiens";"Native Californian"
"Premolar";"BRK126776";0;8;290;267;0.5;"Homo sapiens";"Native Californian"
"Anterior";"HTB0802";0;12;27;299;1;"Papio";"East Africa"
"Posterior";"HTB0802";0;12;27;299;1;"Papio";"East Africa"
"Premolar";"HTB0802";0;8;27;299;1;"Papio";"East Africa"
"Anterior";"HTB0828";0;12;339;54;1;"Papio";"South Africa"
"Posterior";"HTB0828";0;12;339;54;1;"Papio";"South Africa"
"Premolar";"HTB0828";0;8;339;54;1;"Papio";"South Africa"
"Anterior";"HTB0890";0;12;62;124;1;"Papio";"East Africa"
"Posterior";"HTB0890";0;12;62;124;1;"Papio";"East Africa"
"Premolar";"HTB0890";0;8;62;124;1;"Papio";"East Africa"
"Anterior";"HTB0900";0;12;35;75;1;"Papio";"East Africa"
"Posterior";"HTB0900";0;12;35;75;1;"Papio";"East Africa"
"Premolar";"HTB0900";0;8;35;75;1;"Papio";"East Africa"
"Anterior";"HTB1025";1;12;71;135;1;"Papio";"East Africa"
"Posterior";"HTB1025";0;12;71;135;1;"Papio";"East Africa"
"Premolar";"HTB1025";1;8;71;135;1;"Papio";"East Africa"
"Anterior";"HTB1027";0;12;71;135;0;"Papio";"East Africa"
"Posterior";"HTB1027";0;12;71;135;0;"Papio";"East Africa"
"Premolar";"HTB1027";0;8;71;135;0;"Papio";"East Africa"
"Anterior";"HTB1028";0;12;23;55;0;"Papio";"East Africa"
"Posterior";"HTB1028";0;12;23;55;0;"Papio";"East Africa"
"Premolar";"HTB1028";0;8;23;55;0;"Papio";"East Africa"
"Anterior";"HTB1043";1;12;42;88;1;"Papio";"East Africa"
"Posterior";"HTB1043";0;12;42;88;1;"Papio";"East Africa"
"Premolar";"HTB1043";0;8;42;88;1;"Papio";"East Africa"
"Anterior";"HTB1151";0;12;21;51;1;"Papio";"East Africa"
"Posterior";"HTB1151";0;12;21;51;1;"Papio";"East Africa"
"Premolar";"HTB1151";0;8;21;51;1;"Papio";"East Africa"
"Anterior";"HTB1152";0;12;20;48;1;"Papio";"East Africa"
"Posterior";"HTB1152";0;12;20;48;1;"Papio";"East Africa"
"Premolar";"HTB1152";0;8;20;48;1;"Papio";"East Africa"
"Anterior";"HTB1153";0;6;19;45;1;"Papio";"East Africa"
"Posterior";"HTB1153";0;6;19;45;1;"Papio";"East Africa"
"Premolar";"HTB1153";0;4;19;45;1;"Papio";"East Africa"
"Anterior";"HTB1154";0;12;34;70;1;"Papio";"East Africa"
"Posterior";"HTB1154";0;12;34;70;1;"Papio";"East Africa"
"Premolar";"HTB1154";0;8;34;70;1;"Papio";"East Africa"
"Anterior";"HTB1212";1;12;5;238;1;"Papio";"Central Africa"
"Posterior";"HTB1212";0;12;5;238;1;"Papio";"Central Africa"
"Premolar";"HTB1212";0;8;5;238;1;"Papio";"Central Africa"
"Anterior";"HTB1214";0;12;33;66;1;"Papio";"East Africa"
"Posterior";"HTB1214";0;12;33;66;1;"Papio";"East Africa"
"Premolar";"HTB1214";0;8;33;66;1;"Papio";"East Africa"
"Anterior";"HTB1215";0;12;17;38;1;"Papio";"East Africa"
"Posterior";"HTB1215";0;12;17;38;1;"Papio";"East Africa"
"Premolar";"HTB1215";0;8;17;38;1;"Papio";"East Africa"
"Anterior";"HTB1216";2;12;58;118;1;"Papio";"East Africa"
"Posterior";"HTB1216";0;12;58;118;1;"Papio";"East Africa"
"Premolar";"HTB1216";0;8;58;118;1;"Papio";"East Africa"
"Anterior";"HTB1217";0;11;47;94;1;"Papio";"East Africa"
"Posterior";"HTB1217";0;12;47;94;1;"Papio";"East Africa"
"Premolar";"HTB1217";1;8;47;94;1;"Papio";"East Africa"
"Anterior";"HTB1218";0;12;23;55;1;"Papio";"East Africa"
"Posterior";"HTB1218";0;12;23;55;1;"Papio";"East Africa"
"Premolar";"HTB1218";0;8;23;55;1;"Papio";"East Africa"
"Anterior";"HTB1219";0;12;39;78;1;"Papio";"East Africa"
"Posterior";"HTB1219";0;12;39;78;1;"Papio";"East Africa"
"Premolar";"HTB1219";0;8;39;78;1;"Papio";"East Africa"
"Anterior";"HTB1220";0;12;37;79;1;"Papio";"East Africa"
"Posterior";"HTB1220";0;12;37;79;1;"Papio";"East Africa"
"Premolar";"HTB1220";0;8;37;79;1;"Papio";"East Africa"
"Anterior";"HTB1221";0;12;58;118;1;"Papio";"East Africa"
"Posterior";"HTB1221";0;12;58;118;1;"Papio";"East Africa"
"Premolar";"HTB1221";0;8;58;118;1;"Papio";"East Africa"
"Anterior";"HTB1222";0;12;33;66;0;"Papio";"East Africa"
"Posterior";"HTB1222";0;12;33;66;0;"Papio";"East Africa"
"Premolar";"HTB1222";0;8;33;66;0;"Papio";"East Africa"
"Anterior";"HTB1223";0;12;42;88;1;"Papio";"East Africa"
"Posterior";"HTB1223";0;12;42;88;1;"Papio";"East Africa"
"Premolar";"HTB1223";0;8;42;88;1;"Papio";"East Africa"
"Anterior";"HTB1225";0;12;43;85;1;"Papio";"East Africa"
"Posterior";"HTB1225";0;12;43;85;1;"Papio";"East Africa"
"Premolar";"HTB1225";0;8;43;85;1;"Papio";"East Africa"
"Anterior";"HTB1226";0;12;29;62;1;"Papio";"East Africa"
"Posterior";"HTB1226";0;12;29;62;1;"Papio";"East Africa"
"Premolar";"HTB1226";0;8;29;62;1;"Papio";"East Africa"
"Anterior";"HTB1426";0;12;53;128;0;"Pan";"Ebolwa"
"Posterior";"HTB1426";0;12;53;128;0;"Pan";"Ebolwa"
"Premolar";"HTB1426";0;8;53;128;0;"Pan";"Ebolwa"
"Anterior";"HTB1497";0;11;7;31;1;"Papio";"East Africa"
"Posterior";"HTB1497";0;12;7;31;1;"Papio";"East Africa"
"Premolar";"HTB1497";0;8;7;31;1;"Papio";"East Africa"
"Anterior";"HTB1503";0;12;12;35;0;"Papio";"East Africa"
"Posterior";"HTB1503";0;12;12;35;0;"Papio";"East Africa"
"Premolar";"HTB1503";0;8;12;35;0;"Papio";"East Africa"
"Anterior";"HTB1701";0;12;157;269;0;"Pan";"French Cameroons"
"Posterior";"HTB1701";0;12;157;269;0;"Pan";"French Cameroons"
"Premolar";"HTB1701";0;8;157;269;0;"Pan";"French Cameroons"
"Anterior";"HTB1703";0;12;89;195;0;"Pan";"French Cameroons"
"Posterior";"HTB1703";0;12;89;195;0;"Pan";"French Cameroons"
"Premolar";"HTB1703";0;8;89;195;0;"Pan";"French Cameroons"
"Anterior";"HTB1706";0;12;56;132;0;"Pan";"Ebolwa"
"Posterior";"HTB1706";0;12;56;132;0;"Pan";"Ebolwa"
"Premolar";"HTB1706";0;7;56;132;0;"Pan";"Ebolwa"
"Anterior";"HTB1707";0;12;56;132;0;"Pan";"Ebolwa"
"Posterior";"HTB1707";0;9;56;132;0;"Pan";"Ebolwa"
"Premolar";"HTB1707";0;7;56;132;0;"Pan";"Ebolwa"
"Anterior";"HTB1708";0;12;100;211;0;"Pan";"Ebolwa"
"Posterior";"HTB1708";0;12;100;211;0;"Pan";"Ebolwa"
"Premolar";"HTB1708";0;8;100;211;0;"Pan";"Ebolwa"
"Anterior";"HTB1713";0;12;89;195;0;"Pan";"Ebolwa"
"Posterior";"HTB1713";0;12;89;195;0;"Pan";"Ebolwa"
"Premolar";"HTB1713";0;8;89;195;0;"Pan";"Ebolwa"
"Anterior";"HTB1718";0;12;65;152;0;"Pan";"Ebolwa"
"Posterior";"HTB1718";0;12;65;152;0;"Pan";"Ebolwa"
"Premolar";"HTB1718";0;8;65;152;0;"Pan";"Ebolwa"
"Anterior";"HTB1719";0;11;137;257;0;"Pan";"Ebolwa"
"Posterior";"HTB1719";1;11;137;257;0;"Pan";"Ebolwa"
"Premolar";"HTB1719";0;8;137;257;0;"Pan";"Ebolwa"
"Anterior";"HTB1720";3;12;9;33;0;"Pan";"Ebolwa"
"Posterior";"HTB1720";4;12;9;33;0;"Pan";"Ebolwa"
"Premolar";"HTB1720";5;8;9;33;0;"Pan";"Ebolwa"
"Anterior";"HTB1721";0;12;68;158;0;"Pan";"Ebolwa"
"Posterior";"HTB1721";0;12;68;158;0;"Pan";"Ebolwa"
"Premolar";"HTB1721";0;8;68;158;0;"Pan";"Ebolwa"
"Anterior";"HTB1722";0;12;91;199;0;"Pan";"Ebolwa"
"Posterior";"HTB1722";0;12;91;199;0;"Pan";"Ebolwa"
"Premolar";"HTB1722";0;8;91;199;0;"Pan";"Ebolwa"
"Anterior";"HTB1723";0;12;135;252;0;"Pan";"Ebolwa"
"Posterior";"HTB1723";0;12;135;252;0;"Pan";"Ebolwa"
"Premolar";"HTB1723";0;8;135;252;0;"Pan";"Ebolwa"
"Anterior";"HTB1724";0;12;68;158;0;"Pan";"Ebolwa"
"Posterior";"HTB1724";0;12;68;158;0;"Pan";"Ebolwa"
"Premolar";"HTB1724";0;8;68;158;0;"Pan";"Ebolwa"
"Anterior";"HTB1726";5;12;148;245;0;"Pan";"Ebolwa"
"Posterior";"HTB1726";0;12;148;245;0;"Pan";"Ebolwa"
"Premolar";"HTB1726";0;8;148;245;0;"Pan";"Ebolwa"
"Anterior";"HTB1735";0;12;76;168;0;"Pan";"Ebolwa"
"Posterior";"HTB1735";0;12;76;168;0;"Pan";"Ebolwa"
"Premolar";"HTB1735";0;8;76;168;0;"Pan";"Ebolwa"
"Anterior";"HTB1737";0;12;176;283;0;"Pan";"Ebolwa"
"Posterior";"HTB1737";0;9;176;283;0;"Pan";"Ebolwa"
"Premolar";"HTB1737";0;7;176;283;0;"Pan";"Ebolwa"
"Anterior";"HTB1738";0;12;80;179;0;"Pan";"Ebolwa"
"Posterior";"HTB1738";0;12;80;179;0;"Pan";"Ebolwa"
"Premolar";"HTB1738";0;8;80;179;0;"Pan";"Ebolwa"
"Anterior";"HTB1739";0;12;96;204;0;"Pan";"Ebolwa"
"Posterior";"HTB1739";0;12;96;204;0;"Pan";"Ebolwa"
"Premolar";"HTB1739";0;8;96;204;0;"Pan";"Ebolwa"
"Anterior";"HTB1741";0;12;186;286;0;"Pan";"Ebolwa"
"Posterior";"HTB1741";0;12;186;286;0;"Pan";"Ebolwa"
"Premolar";"HTB1741";0;8;186;286;0;"Pan";"Ebolwa"
"Anterior";"HTB1744";0;12;84;185;0;"Pan";"Ebolwa"
"Posterior";"HTB1744";0;12;84;185;0;"Pan";"Ebolwa"
"Premolar";"HTB1744";0;8;84;185;0;"Pan";"Ebolwa"
"Anterior";"HTB1745";0;12;76;168;0;"Pan";"Ebolwa"
"Posterior";"HTB1745";0;12;76;168;0;"Pan";"Ebolwa"
"Premolar";"HTB1745";0;8;76;168;0;"Pan";"Ebolwa"
"Anterior";"HTB1748";1;12;248;312;0;"Pan";"Ebolwa"
"Posterior";"HTB1748";4;11;248;312;0;"Pan";"Ebolwa"
"Premolar";"HTB1748";0;8;248;312;0;"Pan";"Ebolwa"
"Anterior";"HTB1758";0;12;84;185;0;"Pan";"Ebolwa"
"Posterior";"HTB1758";0;12;84;185;0;"Pan";"Ebolwa"
"Premolar";"HTB1758";0;8;84;185;0;"Pan";"Ebolwa"
"Anterior";"HTB1768";0;12;84;185;0;"Pan";"Ebolwa"
"Posterior";"HTB1768";0;12;84;185;0;"Pan";"Ebolwa"
"Premolar";"HTB1768";0;8;84;185;0;"Pan";"Ebolwa"
"Anterior";"HTB1775";1;11;156;254;0;"Pan";"French Cameroons"
"Posterior";"HTB1775";0;12;156;254;0;"Pan";"French Cameroons"
"Premolar";"HTB1775";0;7;156;254;0;"Pan";"French Cameroons"
"Anterior";"HTB1791";0;12;100;211;0;"Pan";"Ebolwa"
"Posterior";"HTB1791";0;12;100;211;0;"Pan";"Ebolwa"
"Premolar";"HTB1791";0;8;100;211;0;"Pan";"Ebolwa"
"Anterior";"HTB1882";0;12;56;132;0;"Pan";"Ebolwa"
"Posterior";"HTB1882";0;12;56;132;0;"Pan";"Ebolwa"
"Premolar";"HTB1882";0;8;56;132;0;"Pan";"Ebolwa"
"Anterior";"HTB1888";0;12;186;286;0;"Pan";"French Cameroons"
"Posterior";"HTB1888";0;12;186;286;0;"Pan";"French Cameroons"
"Premolar";"HTB1888";0;8;186;286;0;"Pan";"French Cameroons"
"Anterior";"HTB1889";0;12;195;290;0;"Pan";"French Cameroons"
"Posterior";"HTB1889";0;12;195;290;0;"Pan";"French Cameroons"
"Premolar";"HTB1889";0;8;195;290;0;"Pan";"French Cameroons"
"Anterior";"HTB1890";0;12;89;195;0;"Pan";"French Cameroons"
"Posterior";"HTB1890";0;12;89;195;0;"Pan";"French Cameroons"
"Premolar";"HTB1890";0;8;89;195;0;"Pan";"French Cameroons"
"Anterior";"HTB1903";0;12;106;219;0;"Pan";"French Cameroons"
"Posterior";"HTB1903";0;12;106;219;0;"Pan";"French Cameroons"
"Premolar";"HTB1903";0;8;106;219;0;"Pan";"French Cameroons"
"Anterior";"HTB1956";0;12;205;295;0;"Pan";"French Cameroons"
"Posterior";"HTB1956";0;12;205;295;0;"Pan";"French Cameroons"
"Premolar";"HTB1956";0;8;205;295;0;"Pan";"French Cameroons"
"Anterior";"HTB1957";0;12;122;222;0;"Pan";"French Cameroons"
"Posterior";"HTB1957";6;12;122;222;0;"Pan";"French Cameroons"
"Premolar";"HTB1957";3;8;122;222;0;"Pan";"French Cameroons"
"Anterior";"HTB1958";1;12;229;304;0;"Pan";"French Cameroons"
"Posterior";"HTB1958";0;12;229;304;0;"Pan";"French Cameroons"
"Premolar";"HTB1958";0;8;229;304;0;"Pan";"French Cameroons"
"Anterior";"HTB1959";0;12;186;286;0;"Pan";"French Cameroons"
"Posterior";"HTB1959";0;12;186;286;0;"Pan";"French Cameroons"
"Premolar";"HTB1959";0;8;186;286;0;"Pan";"French Cameroons"
"Anterior";"HTB2001";0;12;63;146;0;"Pan";"French Cameroons"
"Posterior";"HTB2001";0;12;63;146;0;"Pan";"French Cameroons"
"Premolar";"HTB2001";0;8;63;146;0;"Pan";"French Cameroons"
"Anterior";"HTB2026";0;12;84;185;0;"Pan";"Ebolwa"
"Posterior";"HTB2026";0;12;84;185;0;"Pan";"Ebolwa"
"Premolar";"HTB2026";0;8;84;185;0;"Pan";"Ebolwa"
"Anterior";"HTB2027";0;12;76;168;0;"Pan";"Ebolwa"
"Posterior";"HTB2027";0;12;76;168;0;"Pan";"Ebolwa"
"Premolar";"HTB2027";0;8;76;168;0;"Pan";"Ebolwa"
"Anterior";"HTB2032";0;12;59;141;0;"Pan";"Ebolwa"
"Posterior";"HTB2032";0;12;59;141;0;"Pan";"Ebolwa"
"Premolar";"HTB2032";0;8;59;141;0;"Pan";"Ebolwa"
"Anterior";"HTB2033";0;12;76;168;0;"Pan";"Ebolwa"
"Posterior";"HTB2033";0;12;76;168;0;"Pan";"Ebolwa"
"Premolar";"HTB2033";0;8;76;168;0;"Pan";"Ebolwa"
"Anterior";"HTB2034";0;12;80;179;0;"Pan";"Ebolwa"
"Posterior";"HTB2034";0;12;80;179;0;"Pan";"Ebolwa"
"Premolar";"HTB2034";0;8;80;179;0;"Pan";"Ebolwa"
"Anterior";"HTB2747";2;12;309;330;0;"Pan";"French Cameroons"
"Posterior";"HTB2747";1;12;309;330;0;"Pan";"French Cameroons"
"Premolar";"HTB2747";0;8;309;330;0;"Pan";"French Cameroons"
"Anterior";"HTB2748";0;12;56;132;0;"Pan";"French Cameroons"
"Posterior";"HTB2748";0;12;56;132;0;"Pan";"French Cameroons"
"Premolar";"HTB2748";0;8;56;132;0;"Pan";"French Cameroons"
"Anterior";"HTB2751";0;12;237;307;0;"Pan";"French Cameroons"
"Posterior";"HTB2751";3;10;237;307;0;"Pan";"French Cameroons"
"Premolar";"HTB2751";0;8;237;307;0;"Pan";"French Cameroons"
"Anterior";"HTB2756";0;12;84;185;0;"Pan";"French Cameroons"
"Posterior";"HTB2756";0;12;84;185;0;"Pan";"French Cameroons"
"Premolar";"HTB2756";0;8;84;185;0;"Pan";"French Cameroons"
"Anterior";"HTB2771";0;12;48;125;0;"Pan";"French Cameroons"
"Posterior";"HTB2771";0;12;48;125;0;"Pan";"French Cameroons"
"Premolar";"HTB2771";0;8;48;125;0;"Pan";"French Cameroons"
"Anterior";"HTB2823";0;12;186;286;0;"Pan";"French Cameroons"
"Posterior";"HTB2823";0;12;186;286;0;"Pan";"French Cameroons"
"Premolar";"HTB2823";0;8;186;286;0;"Pan";"French Cameroons"
"Anterior";"HTB3398";0;12;68;158;0;"Pan";"West Africa"
"Posterior";"HTB3398";0;12;68;158;0;"Pan";"West Africa"
"Premolar";"HTB3398";0;8;68;158;0;"Pan";"West Africa"
"Anterior";"HTB3411";0;6;237;307;0;"Pan";"West Africa"
"Posterior";"HTB3411";0;6;237;307;0;"Pan";"West Africa"
"Premolar";"HTB3411";0;4;237;307;0;"Pan";"West Africa"
"Anterior";"HTB3412";0;12;40;96;0;"Pan";"West Africa"
"Posterior";"HTB3412";0;12;40;96;0;"Pan";"West Africa"
"Premolar";"HTB3412";0;8;40;96;0;"Pan";"West Africa"
"Anterior";"HTB3413";0;12;56;132;0;"Pan";"West Africa"
"Posterior";"HTB3413";0;12;56;132;0;"Pan";"West Africa"
"Premolar";"HTB3413";0;8;56;132;0;"Pan";"West Africa"
"Anterior";"HTB3418";0;12;137;257;0;"Pan";"West Africa"
"Posterior";"HTB3418";0;12;137;257;0;"Pan";"West Africa"
"Premolar";"HTB3418";0;8;137;257;0;"Pan";"West Africa"
"Anterior";"HTB3434";0;12;40;96;0;"Pan";"West Africa"
"Posterior";"HTB3434";0;12;40;96;0;"Pan";"West Africa"
"Premolar";"HTB3434";0;8;40;96;0;"Pan";"West Africa"
"Anterior";"HTB3436";0;12;223;301;0;"Pan";"West Africa"
"Posterior";"HTB3436";0;12;223;301;0;"Pan";"West Africa"
"Premolar";"HTB3436";0;8;223;301;0;"Pan";"West Africa"
"Anterior";"HTB3437";0;12;28;65;0;"Pan";"West Africa"
"Posterior";"HTB3437";0;12;28;65;0;"Pan";"West Africa"
"Premolar";"HTB3437";0;8;28;65;0;"Pan";"West Africa"
"Anterior";"HTB3515";0;12;31;72;0;"Papio";"East Africa"
"Posterior";"HTB3515";0;12;31;72;0;"Papio";"East Africa"
"Premolar";"HTB3515";0;8;31;72;0;"Papio";"East Africa"
"Anterior";"HTB3537";0;12;63;146;0;"Pan";"West Africa"
"Posterior";"HTB3537";0;12;63;146;0;"Pan";"West Africa"
"Premolar";"HTB3537";0;8;63;146;0;"Pan";"West Africa"
"Anterior";"HTB3538";0;12;80;179;0;"Pan";"West Africa"
"Posterior";"HTB3538";0;12;80;179;0;"Pan";"West Africa"
"Premolar";"HTB3538";0;8;80;179;0;"Pan";"West Africa"
"Anterior";"HTB3539";0;12;63;146;0;"Pan";"West Africa"
"Posterior";"HTB3539";0;9;63;146;0;"Pan";"West Africa"
"Premolar";"HTB3539";0;8;63;146;0;"Pan";"West Africa"
"Anterior";"HTB3551";1;12;84;185;0;"Pan";"West Africa"
"Posterior";"HTB3551";0;12;84;185;0;"Pan";"West Africa"
"Premolar";"HTB3551";0;8;84;185;0;"Pan";"West Africa"
"Anterior";"HTB3552";0;12;96;204;0;"Pan";"West Africa"
"Posterior";"HTB3552";0;12;96;204;0;"Pan";"West Africa"
"Premolar";"HTB3552";0;8;96;204;0;"Pan";"West Africa"
"Anterior";"IPHA.1";0;9;61;42;0.75;"Homo sapiens";"Afalou"
"Posterior";"IPHA.1";0;11;61;42;0.75;"Homo sapiens";"Afalou"
"Premolar";"IPHA.1";0;8;61;42;0.75;"Homo sapiens";"Afalou"
"Anterior";"IPHA.10b";2;12;154;167;0.5;"Homo sapiens";"Afalou"
"Posterior";"IPHA.10b";1;11;154;167;0.5;"Homo sapiens";"Afalou"
"Premolar";"IPHA.10b";0;8;154;167;0.5;"Homo sapiens";"Afalou"
"Anterior";"IPHA.12";0;12;152;134;0.75;"Homo sapiens";"Afalou"
"Posterior";"IPHA.12";3;12;152;134;0.75;"Homo sapiens";"Afalou"
"Premolar";"IPHA.12";0;8;152;134;0.75;"Homo sapiens";"Afalou"
"Anterior";"IPHA.13";2;12;149;161;0.75;"Homo sapiens";"Afalou"
"Posterior";"IPHA.13";0;12;149;161;0.75;"Homo sapiens";"Afalou"
"Premolar";"IPHA.13";0;8;149;161;0.75;"Homo sapiens";"Afalou"
"Anterior";"IPHA.14";5;12;113;111;0.5;"Homo sapiens";"Afalou"
"Posterior";"IPHA.14";0;12;113;111;0.5;"Homo sapiens";"Afalou"
"Premolar";"IPHA.14";0;8;113;111;0.5;"Homo sapiens";"Afalou"
"Anterior";"IPHA.15";2;6;160;148;0.75;"Homo sapiens";"Afalou"
"Posterior";"IPHA.15";0;5;160;148;0.75;"Homo sapiens";"Afalou"
"Premolar";"IPHA.15";0;2;160;148;0.75;"Homo sapiens";"Afalou"
"Anterior";"IPHA.2";3;12;85;67;0.75;"Homo sapiens";"Afalou"
"Posterior";"IPHA.2";0;12;85;67;0.75;"Homo sapiens";"Afalou"
"Premolar";"IPHA.2";0;8;85;67;0.75;"Homo sapiens";"Afalou"
"Anterior";"IPHA.22";1;10;55;39;0.25;"Homo sapiens";"Afalou"
"Posterior";"IPHA.22";0;10;55;39;0.25;"Homo sapiens";"Afalou"
"Premolar";"IPHA.22";0;7;55;39;0.25;"Homo sapiens";"Afalou"
"Anterior";"IPHA.25";1;6;198;186;0.75;"Homo sapiens";"Afalou"
"Posterior";"IPHA.25";3;10;198;186;0.75;"Homo sapiens";"Afalou"
"Premolar";"IPHA.25";0;8;198;186;0.75;"Homo sapiens";"Afalou"
"Anterior";"IPHA.28";1;12;168;184;0.75;"Homo sapiens";"Afalou"
"Posterior";"IPHA.28";0;12;168;184;0.75;"Homo sapiens";"Afalou"
"Premolar";"IPHA.28";0;8;168;184;0.75;"Homo sapiens";"Afalou"
"Anterior";"IPHA.29";2;12;72;53;0.25;"Homo sapiens";"Afalou"
"Posterior";"IPHA.29";2;12;72;53;0.25;"Homo sapiens";"Afalou"
"Premolar";"IPHA.29";0;8;72;53;0.25;"Homo sapiens";"Afalou"
"Anterior";"IPHA.3";0;6;168;184;0.25;"Homo sapiens";"Afalou"
"Posterior";"IPHA.3";1;6;168;184;0.25;"Homo sapiens";"Afalou"
"Premolar";"IPHA.3";0;4;168;184;0.25;"Homo sapiens";"Afalou"
"Anterior";"IPHA.30";2;12;102;89;0.5;"Homo sapiens";"Afalou"
"Posterior";"IPHA.30";0;12;102;89;0.5;"Homo sapiens";"Afalou"
"Premolar";"IPHA.30";0;8;102;89;0.5;"Homo sapiens";"Afalou"
"Anterior";"IPHA.34";2;12;94;81;0.25;"Homo sapiens";"Afalou"
"Posterior";"IPHA.34";0;10;94;81;0.25;"Homo sapiens";"Afalou"
"Premolar";"IPHA.34";0;8;94;81;0.25;"Homo sapiens";"Afalou"
"Anterior";"IPHA.36";9;12;323;12;0.75;"Homo sapiens";"Afalou"
"Posterior";"IPHA.36";4;5;323;12;0.75;"Homo sapiens";"Afalou"
"Premolar";"IPHA.36";5;7;323;12;0.75;"Homo sapiens";"Afalou"
"Anterior";"IPHA.45";0;6;64;46;0.5;"Homo sapiens";"Afalou"
"Posterior";"IPHA.45";0;6;64;46;0.5;"Homo sapiens";"Afalou"
"Premolar";"IPHA.45";0;4;64;46;0.5;"Homo sapiens";"Afalou"
"Anterior";"IPHA.46";2;12;85;67;0.5;"Homo sapiens";"Afalou"
"Posterior";"IPHA.46";1;7;85;67;0.5;"Homo sapiens";"Afalou"
"Premolar";"IPHA.46";1;6;85;67;0.5;"Homo sapiens";"Afalou"
"Anterior";"IPHA.47";0;9;163;176;0.75;"Homo sapiens";"Afalou"
"Posterior";"IPHA.47";0;12;163;176;0.75;"Homo sapiens";"Afalou"
"Premolar";"IPHA.47";0;8;163;176;0.75;"Homo sapiens";"Afalou"
"Anterior";"IPHA.48";1;11;67;49;0.75;"Homo sapiens";"Afalou"
"Posterior";"IPHA.48";1;11;67;49;0.75;"Homo sapiens";"Afalou"
"Premolar";"IPHA.48";0;8;67;49;0.75;"Homo sapiens";"Afalou"
"Anterior";"IPHA.49";2;12;168;184;0.75;"Homo sapiens";"Afalou"
"Posterior";"IPHA.49";0;12;168;184;0.75;"Homo sapiens";"Afalou"
"Premolar";"IPHA.49";0;8;168;184;0.75;"Homo sapiens";"Afalou"
"Anterior";"IPHA.5";2;12;154;167;0.75;"Homo sapiens";"Afalou"
"Posterior";"IPHA.5";1;10;154;167;0.75;"Homo sapiens";"Afalou"
"Premolar";"IPHA.5";0;8;154;167;0.75;"Homo sapiens";"Afalou"
"Anterior";"IPHA.7";1;4;163;176;0.25;"Homo sapiens";"Afalou"
"Posterior";"IPHA.7";0;9;163;176;0.25;"Homo sapiens";"Afalou"
"Premolar";"IPHA.7";0;6;163;176;0.25;"Homo sapiens";"Afalou"
"Anterior";"IPHA.9";3;6;160;148;0.75;"Homo sapiens";"Afalou"
"Posterior";"IPHA.9";0;5;160;148;0.75;"Homo sapiens";"Afalou"
"Premolar";"IPHA.9";2;4;160;148;0.75;"Homo sapiens";"Afalou"
"Anterior";"MH10285";0;12;285;329;0.75;"Homo sapiens";"Ona"
"Posterior";"MH10285";0;12;285;329;0.75;"Homo sapiens";"Ona"
"Premolar";"MH10285";0;8;285;329;0.75;"Homo sapiens";"Ona"
"Anterior";"MH10289";0;12;179;291;0.75;"Homo sapiens";"Fuegian"
"Posterior";"MH10289";0;12;179;291;0.75;"Homo sapiens";"Fuegian"
"Premolar";"MH10289";0;8;179;291;0.75;"Homo sapiens";"Fuegian"
"Anterior";"MH10291";0;12;270;327;0.75;"Homo sapiens";"Yaghan"
"Posterior";"MH10291";0;12;270;327;0.75;"Homo sapiens";"Yaghan"
"Premolar";"MH10291";0;8;270;327;0.75;"Homo sapiens";"Yaghan"
"Anterior";"MH11150";0;6;52;52;0.25;"Homo sapiens";"Buriat"
"Posterior";"MH11150";0;6;52;52;0.25;"Homo sapiens";"Buriat"
"Premolar";"MH11150";0;4;52;52;0.25;"Homo sapiens";"Buriat"
"Anterior";"MH12316";0;12;320;30;0.75;"Homo sapiens";"Chucki"
"Posterior";"MH12316";2;12;320;30;0.75;"Homo sapiens";"Chucki"
"Premolar";"MH12316";0;8;320;30;0.75;"Homo sapiens";"Chucki"
"Anterior";"MH12317";1;12;301;9;0.25;"Homo sapiens";"Chucki"
"Posterior";"MH12317";3;11;301;9;0.25;"Homo sapiens";"Chucki"
"Premolar";"MH12317";0;8;301;9;0.25;"Homo sapiens";"Chucki"
"Anterior";"MH12318";0;6;278;25;0.25;"Homo sapiens";"Chucki"
"Posterior";"MH12318";0;6;278;25;0.25;"Homo sapiens";"Chucki"
"Premolar";"MH12318";0;4;278;25;0.25;"Homo sapiens";"Chucki"
"Anterior";"MH12319";0;6;328;103;0.5;"Homo sapiens";"Chucki"
"Posterior";"MH12319";0;6;328;103;0.5;"Homo sapiens";"Chucki"
"Premolar";"MH12319";0;4;328;103;0.5;"Homo sapiens";"Chucki"
"Anterior";"MH12320";0;12;300;29;0.75;"Homo sapiens";"Chucki"
"Posterior";"MH12320";0;12;300;29;0.75;"Homo sapiens";"Chucki"
"Premolar";"MH12320";0;8;300;29;0.75;"Homo sapiens";"Chucki"
"Anterior";"MH12321";0;6;335;190;0.75;"Homo sapiens";"Chucki"
"Posterior";"MH12321";0;6;335;190;0.75;"Homo sapiens";"Chucki"
"Premolar";"MH12321";0;4;335;190;0.75;"Homo sapiens";"Chucki"
"Anterior";"MH12322";0;6;334;104;0.75;"Homo sapiens";"Chucki"
"Posterior";"MH12322";1;6;334;104;0.75;"Homo sapiens";"Chucki"
"Premolar";"MH12322";0;4;334;104;0.75;"Homo sapiens";"Chucki"
"Anterior";"MH12323";1;6;329;18;0.25;"Homo sapiens";"Chucki"
"Posterior";"MH12323";4;6;329;18;0.25;"Homo sapiens";"Chucki"
"Premolar";"MH12323";0;4;329;18;0.25;"Homo sapiens";"Chucki"
"Anterior";"MH12324";0;11;293;28;0.5;"Homo sapiens";"Chucki"
"Posterior";"MH12324";1;12;293;28;0.5;"Homo sapiens";"Chucki"
"Premolar";"MH12324";2;8;293;28;0.5;"Homo sapiens";"Chucki"
"Anterior";"MH12326";1;6;324;102;0.75;"Homo sapiens";"Chucki"
"Posterior";"MH12326";5;6;324;102;0.75;"Homo sapiens";"Chucki"
"Premolar";"MH12326";0;4;324;102;0.75;"Homo sapiens";"Chucki"
"Anterior";"MH12327";0;6;180;15;0.75;"Homo sapiens";"Chucki"
"Posterior";"MH12327";0;6;180;15;0.75;"Homo sapiens";"Chucki"
"Premolar";"MH12327";0;4;180;15;0.75;"Homo sapiens";"Chucki"
"Anterior";"MH12328";0;5;264;24;0.25;"Homo sapiens";"Chucki"
"Posterior";"MH12328";0;6;264;24;0.25;"Homo sapiens";"Chucki"
"Premolar";"MH12328";0;4;264;24;0.25;"Homo sapiens";"Chucki"
"Anterior";"MH1503";1;12;36;3;0.25;"Homo sapiens";"Tasmanien"
"Posterior";"MH1503";0;12;36;3;0.25;"Homo sapiens";"Tasmanien"
"Premolar";"MH1503";0;8;36;3;0.25;"Homo sapiens";"Tasmanien"
"Anterior";"MH1505";0;12;153;145;0.75;"Homo sapiens";"Tasmanien"
"Posterior";"MH1505";0;12;153;145;0.75;"Homo sapiens";"Tasmanien"
"Premolar";"MH1505";0;8;153;145;0.75;"Homo sapiens";"Tasmanien"
"Anterior";"MH1507";4;12;174;174;0.5;"Homo sapiens";"Australian aboriginie"
"Posterior";"MH1507";4;12;174;174;0.5;"Homo sapiens";"Australian aboriginie"
"Premolar";"MH1507";0;8;174;174;0.5;"Homo sapiens";"Australian aboriginie"
"Anterior";"MH1509";0;12;83;57;0.25;"Homo sapiens";"Australian aboriginie"
"Posterior";"MH1509";0;12;83;57;0.25;"Homo sapiens";"Australian aboriginie"
"Premolar";"MH1509";0;8;83;57;0.25;"Homo sapiens";"Australian aboriginie"
"Anterior";"MH1511";1;6;101;77;0.75;"Homo sapiens";"Australian aboriginie"
"Posterior";"MH1511";0;6;101;77;0.75;"Homo sapiens";"Australian aboriginie"
"Premolar";"MH1511";0;4;101;77;0.75;"Homo sapiens";"Australian aboriginie"
"Anterior";"MH1525";0;12;306;287;0.25;"Homo sapiens";"Australian aboriginie"
"Posterior";"MH1525";3;11;306;287;0.25;"Homo sapiens";"Australian aboriginie"
"Premolar";"MH1525";0;8;306;287;0.25;"Homo sapiens";"Australian aboriginie"
"Anterior";"MH1526";0;6;294;331;0.5;"Homo sapiens";"Australian aboriginie"
"Posterior";"MH1526";0;5;294;331;0.5;"Homo sapiens";"Australian aboriginie"
"Premolar";"MH1526";0;4;294;331;0.5;"Homo sapiens";"Australian aboriginie"
"Anterior";"MH1670";0;6;130;318;0.75;"Homo sapiens";"Sami"
"Posterior";"MH1670";0;6;130;318;0.75;"Homo sapiens";"Sami"
"Premolar";"MH1670";0;4;130;318;0.75;"Homo sapiens";"Sami"
"Anterior";"MH1701";0;12;178;332;0.5;"Homo sapiens";"Sami"
"Posterior";"MH1701";0;12;178;332;0.5;"Homo sapiens";"Sami"
"Premolar";"MH1701";0;8;178;332;0.5;"Homo sapiens";"Sami"
"Anterior";"MH1702";2;12;317;27;0.25;"Homo sapiens";"Sami"
"Posterior";"MH1702";7;12;317;27;0.25;"Homo sapiens";"Sami"
"Premolar";"MH1702";2;8;317;27;0.25;"Homo sapiens";"Sami"
"Anterior";"MH17264";2;11;175;154;0.25;"Homo sapiens";"Australian aboriginie"
"Posterior";"MH17264";0;12;175;154;0.25;"Homo sapiens";"Australian aboriginie"
"Premolar";"MH17264";0;8;175;154;0.25;"Homo sapiens";"Australian aboriginie"
"Anterior";"MH1860";2;6;288;16;0.25;"Homo sapiens";"Sami"
"Posterior";"MH1860";0;6;288;16;0.25;"Homo sapiens";"Sami"
"Premolar";"MH1860";0;4;288;16;0.25;"Homo sapiens";"Sami"
"Anterior";"MH1861";3;6;110;311;0.5;"Homo sapiens";"Sami"
"Posterior";"MH1861";0;6;110;311;0.5;"Homo sapiens";"Sami"
"Premolar";"MH1861";0;4;110;311;0.5;"Homo sapiens";"Sami"
"Anterior";"MH19776";0;12;287;302;0.5;"Homo sapiens";"Buriat"
"Posterior";"MH19776";0;12;287;302;0.5;"Homo sapiens";"Buriat"
"Premolar";"MH19776";0;8;287;302;0.5;"Homo sapiens";"Buriat"
"Anterior";"MH19777";0;6;97;121;0.25;"Homo sapiens";"Buriat"
"Posterior";"MH19777";0;6;97;121;0.25;"Homo sapiens";"Buriat"
"Premolar";"MH19777";0;4;97;121;0.25;"Homo sapiens";"Buriat"
"Anterior";"MH19782";0;6;167;216;0.25;"Homo sapiens";"Buriat"
"Posterior";"MH19782";0;6;167;216;0.25;"Homo sapiens";"Buriat"
"Premolar";"MH19782";0;4;167;216;0.25;"Homo sapiens";"Buriat"
"Anterior";"MH19784";0;12;123;162;0.25;"Homo sapiens";"Buriat"
"Posterior";"MH19784";0;13;123;162;0.25;"Homo sapiens";"Buriat"
"Premolar";"MH19784";0;8;123;162;0.25;"Homo sapiens";"Buriat"
"Anterior";"MH19826";0;6;145;268;0.25;"Homo sapiens";"Yaghan"
"Posterior";"MH19826";0;6;145;268;0.25;"Homo sapiens";"Yaghan"
"Premolar";"MH19826";0;4;145;268;0.25;"Homo sapiens";"Yaghan"
"Anterior";"MH20325";0;12;165;159;0.75;"Homo sapiens";"Australian aboriginie"
"Posterior";"MH20325";1;12;165;159;0.75;"Homo sapiens";"Australian aboriginie"
"Premolar";"MH20325";0;8;165;159;0.75;"Homo sapiens";"Australian aboriginie"
"Anterior";"MH20326";0;6;232;223;0.5;"Homo sapiens";"Australian aboriginie"
"Posterior";"MH20326";0;6;232;223;0.5;"Homo sapiens";"Australian aboriginie"
"Premolar";"MH20326";0;4;232;223;0.5;"Homo sapiens";"Australian aboriginie"
"Anterior";"MH20912";0;6;159;278;0.5;"Homo sapiens";"Ona"
"Posterior";"MH20912";0;6;159;278;0.5;"Homo sapiens";"Ona"
"Premolar";"MH20912";0;4;159;278;0.5;"Homo sapiens";"Ona"
"Anterior";"MH20913";0;6;242;316;0.75;"Homo sapiens";"Yaghan"
"Posterior";"MH20913";0;6;242;316;0.75;"Homo sapiens";"Yaghan"
"Premolar";"MH20913";0;4;242;316;0.75;"Homo sapiens";"Yaghan"
"Anterior";"MH20914";0;6;132;256;0.25;"Homo sapiens";"Yaghan"
"Posterior";"MH20914";0;6;132;256;0.25;"Homo sapiens";"Yaghan"
"Premolar";"MH20914";0;4;132;256;0.25;"Homo sapiens";"Yaghan"
"Anterior";"MH22277";0;6;228;325;0.5;"Homo sapiens";"Sami"
"Posterior";"MH22277";0;5;228;325;0.5;"Homo sapiens";"Sami"
"Premolar";"MH22277";0;4;228;325;0.5;"Homo sapiens";"Sami"
"Anterior";"MH22278";0;6;289;21;0.5;"Homo sapiens";"Sami"
"Posterior";"MH22278";0;6;289;21;0.5;"Homo sapiens";"Sami"
"Premolar";"MH22278";0;4;289;21;0.5;"Homo sapiens";"Sami"
"Anterior";"MH22280";0;6;280;20;0.75;"Homo sapiens";"Sami"
"Posterior";"MH22280";0;6;280;20;0.75;"Homo sapiens";"Sami"
"Premolar";"MH22280";0;4;280;20;0.75;"Homo sapiens";"Sami"
"Anterior";"MH22281";0;6;299;22;0.25;"Homo sapiens";"Sami"
"Posterior";"MH22281";0;6;299;22;0.25;"Homo sapiens";"Sami"
"Premolar";"MH22281";0;4;299;22;0.25;"Homo sapiens";"Sami"
"Anterior";"MH22282";0;6;261;17;0.25;"Homo sapiens";"Sami"
"Posterior";"MH22282";0;6;261;17;0.25;"Homo sapiens";"Sami"
"Premolar";"MH22282";0;4;261;17;0.25;"Homo sapiens";"Sami"
"Anterior";"MH22283";0;6;317;27;0.25;"Homo sapiens";"Sami"
"Posterior";"MH22283";0;6;317;27;0.25;"Homo sapiens";"Sami"
"Premolar";"MH22283";0;4;317;27;0.25;"Homo sapiens";"Sami"
"Anterior";"MH2283";0;6;75;163;0.25;"Homo sapiens";"Fuegian"
"Posterior";"MH2283";0;6;75;163;0.25;"Homo sapiens";"Fuegian"
"Premolar";"MH2283";0;4;75;163;0.25;"Homo sapiens";"Fuegian"
"Anterior";"MH24592";0;9;312;13;0.25;"Homo sapiens";"Ona"
"Posterior";"MH24592";0;9;312;13;0.25;"Homo sapiens";"Ona"
"Premolar";"MH24592";0;6;312;13;0.25;"Homo sapiens";"Ona"
"Anterior";"MH24893";0;4;128;90;0.25;"Homo sapiens";"Khoi-San"
"Posterior";"MH24893";1;3;128;90;0.25;"Homo sapiens";"Khoi-San"
"Premolar";"MH24893";0;2;128;90;0.25;"Homo sapiens";"Khoi-San"
"Anterior";"MH24894";0;6;333;100;0.75;"Homo sapiens";"Sami"
"Posterior";"MH24894";0;4;333;100;0.75;"Homo sapiens";"Sami"
"Premolar";"MH24894";0;4;333;100;0.75;"Homo sapiens";"Sami"
"Anterior";"MH24934A";0;6;211;250;0.25;"Homo sapiens";"Buriat"
"Posterior";"MH24934A";0;6;211;250;0.25;"Homo sapiens";"Buriat"
"Premolar";"MH24934A";0;4;211;250;0.25;"Homo sapiens";"Buriat"
"Anterior";"MH24934B";0;6;296;9;0.75;"Homo sapiens";"Buriat"
"Posterior";"MH24934B";6;6;296;9;0.75;"Homo sapiens";"Buriat"
"Premolar";"MH24934B";1;4;296;9;0.75;"Homo sapiens";"Buriat"
"Anterior";"MH24934C";6;6;331;23;0.75;"Homo sapiens";"Buriat"
"Posterior";"MH24934C";5;6;331;23;0.75;"Homo sapiens";"Buriat"
"Premolar";"MH24934C";3;4;331;23;0.75;"Homo sapiens";"Buriat"
"Anterior";"MH2896";0;12;108;69;0.5;"Homo sapiens";"Khoi-San"
"Posterior";"MH2896";0;12;108;69;0.5;"Homo sapiens";"Khoi-San"
"Premolar";"MH2896";0;8;108;69;0.5;"Homo sapiens";"Khoi-San"
"Anterior";"MH3337";1;6;247;140;0.75;"Homo sapiens";"Australian aboriginie"
"Posterior";"MH3337";0;6;247;140;0.75;"Homo sapiens";"Australian aboriginie"
"Premolar";"MH3337";0;4;247;140;0.75;"Homo sapiens";"Australian aboriginie"
"Anterior";"MH3616";1;12;250;236;0.75;"Homo sapiens";"Australian aboriginie"
"Posterior";"MH3616";0;12;250;236;0.75;"Homo sapiens";"Australian aboriginie"
"Premolar";"MH3616";0;8;250;236;0.75;"Homo sapiens";"Australian aboriginie"
"Anterior";"MH3619";0;12;105;84;0.75;"Homo sapiens";"Tasmanien"
"Posterior";"MH3619";0;12;105;84;0.75;"Homo sapiens";"Tasmanien"
"Premolar";"MH3619";0;8;105;84;0.75;"Homo sapiens";"Tasmanien"
"Anterior";"MH3638";0;12;165;159;0.25;"Homo sapiens";"Tasmanien"
"Posterior";"MH3638";0;12;165;159;0.25;"Homo sapiens";"Tasmanien"
"Premolar";"MH3638";0;8;165;159;0.25;"Homo sapiens";"Tasmanien"
"Anterior";"MH4459";0;12;265;243;0.75;"Homo sapiens";"Australian aboriginie"
"Posterior";"MH4459";0;12;265;243;0.75;"Homo sapiens";"Australian aboriginie"
"Premolar";"MH4459";0;8;265;243;0.75;"Homo sapiens";"Australian aboriginie"
"Anterior";"MH4460";0;12;232;223;0.25;"Homo sapiens";"Australian aboriginie"
"Posterior";"MH4460";3;12;232;223;0.25;"Homo sapiens";"Australian aboriginie"
"Premolar";"MH4460";1;8;232;223;0.25;"Homo sapiens";"Australian aboriginie"
"Anterior";"MH4665";0;12;125;112;0.25;"Homo sapiens";"Australian aboriginie"
"Posterior";"MH4665";0;12;125;112;0.25;"Homo sapiens";"Australian aboriginie"
"Premolar";"MH4665";0;8;125;112;0.25;"Homo sapiens";"Australian aboriginie"
"Anterior";"MH4763";1;12;105;84;0.25;"Homo sapiens";"Australian aboriginie"
"Posterior";"MH4763";1;13;105;84;0.25;"Homo sapiens";"Australian aboriginie"
"Premolar";"MH4763";0;8;105;84;0.25;"Homo sapiens";"Australian aboriginie"
"Anterior";"MH4765";1;6;141;114;0.25;"Homo sapiens";"Australian aboriginie"
"Posterior";"MH4765";1;5;141;114;0.25;"Homo sapiens";"Australian aboriginie"
"Premolar";"MH4765";0;4;141;114;0.25;"Homo sapiens";"Australian aboriginie"
"Anterior";"MH4767";0;12;36;3;0.25;"Homo sapiens";"Tasmanien"
"Posterior";"MH4767";2;12;36;3;0.25;"Homo sapiens";"Tasmanien"
"Premolar";"MH4767";0;8;36;3;0.25;"Homo sapiens";"Tasmanien"
"Anterior";"MH5325";0;6;121;105;0.75;"Homo sapiens";"Australian aboriginie"
"Posterior";"MH5325";0;6;121;105;0.75;"Homo sapiens";"Australian aboriginie"
"Premolar";"MH5325";0;4;121;105;0.75;"Homo sapiens";"Australian aboriginie"
"Anterior";"MH5327";0;6;153;145;0.25;"Homo sapiens";"Australian aboriginie"
"Posterior";"MH5327";0;6;153;145;0.25;"Homo sapiens";"Australian aboriginie"
"Premolar";"MH5327";0;4;153;145;0.25;"Homo sapiens";"Australian aboriginie"
"Anterior";"MH5328";0;6;199;192;0.25;"Homo sapiens";"Australian aboriginie"
"Posterior";"MH5328";0;6;199;192;0.25;"Homo sapiens";"Australian aboriginie"
"Premolar";"MH5328";0;4;199;192;0.25;"Homo sapiens";"Australian aboriginie"
"Anterior";"MH5329";2;12;131;120;0.25;"Homo sapiens";"Australian aboriginie"
"Posterior";"MH5329";0;12;131;120;0.25;"Homo sapiens";"Australian aboriginie"
"Premolar";"MH5329";0;8;131;120;0.25;"Homo sapiens";"Australian aboriginie"
"Anterior";"MH5330";0;12;54;34;0.25;"Homo sapiens";"Australian aboriginie"
"Posterior";"MH5330";0;12;54;34;0.25;"Homo sapiens";"Australian aboriginie"
"Premolar";"MH5330";0;8;54;34;0.25;"Homo sapiens";"Australian aboriginie"
"Anterior";"MH5563";2;6;329;18;0.25;"Homo sapiens";"Khoi-San"
"Posterior";"MH5563";2;6;329;18;0.25;"Homo sapiens";"Khoi-San"
"Premolar";"MH5563";2;4;329;18;0.25;"Homo sapiens";"Khoi-San"
"Anterior";"MH8057";0;12;330;99;0.25;"Homo sapiens";"Sami"
"Posterior";"MH8057";0;12;330;99;0.25;"Homo sapiens";"Sami"
"Premolar";"MH8057";0;8;330;99;0.25;"Homo sapiens";"Sami"
"Anterior";"NMNH225025";0;6;278;25;0.5;"Homo sapiens";"Chucki"
"Posterior";"NMNH225025";0;6;278;25;0.5;"Homo sapiens";"Chucki"
"Premolar";"NMNH225025";0;4;278;25;0.5;"Homo sapiens";"Chucki"
"Anterior";"NMNH225028";0;6;286;26;0.75;"Homo sapiens";"Chucki"
"Posterior";"NMNH225028";0;6;286;26;0.75;"Homo sapiens";"Chucki"
"Premolar";"NMNH225028";0;4;286;26;0.75;"Homo sapiens";"Chucki"
"Anterior";"NMNH225029";0;6;319;101;0.25;"Homo sapiens";"Chucki"
"Posterior";"NMNH225029";0;6;319;101;0.25;"Homo sapiens";"Chucki"
"Premolar";"NMNH225029";0;4;319;101;0.25;"Homo sapiens";"Chucki"
"Anterior";"NMNH225032";4;6;331;23;0.75;"Homo sapiens";"Chucki"
"Posterior";"NMNH225032";4;4;331;23;0.75;"Homo sapiens";"Chucki"
"Premolar";"NMNH225032";4;4;331;23;0.75;"Homo sapiens";"Chucki"
"Anterior";"NMNH226086";4;12;256;242;0.75;"Homo sapiens";"Australian aboriginie"
"Posterior";"NMNH226086";5;11;256;242;0.75;"Homo sapiens";"Australian aboriginie"
"Premolar";"NMNH226086";3;8;256;242;0.75;"Homo sapiens";"Australian aboriginie"
"Anterior";"NMNH226087";0;6;101;77;0.5;"Homo sapiens";"Australian aboriginie"
"Posterior";"NMNH226087";0;6;101;77;0.5;"Homo sapiens";"Australian aboriginie"
"Premolar";"NMNH226087";0;4;101;77;0.5;"Homo sapiens";"Australian aboriginie"
"Anterior";"NMNH226088";0;6;301;9;0.5;"Homo sapiens";"Australian aboriginie"
"Posterior";"NMNH226088";0;2;301;9;0.5;"Homo sapiens";"Australian aboriginie"
"Premolar";"NMNH226088";0;4;301;9;0.5;"Homo sapiens";"Australian aboriginie"
"Anterior";"NMNH226089";0;12;45;6;0.5;"Homo sapiens";"Australian aboriginie"
"Posterior";"NMNH226089";0;12;45;6;0.5;"Homo sapiens";"Australian aboriginie"
"Premolar";"NMNH226089";0;8;45;6;0.5;"Homo sapiens";"Australian aboriginie"
"Anterior";"NMNH226090";0;12;78;47;0.25;"Homo sapiens";"Australian aboriginie"
"Posterior";"NMNH226090";1;12;78;47;0.25;"Homo sapiens";"Australian aboriginie"
"Premolar";"NMNH226090";0;7;78;47;0.25;"Homo sapiens";"Australian aboriginie"
"Anterior";"NMNH226092";4;6;331;23;0.25;"Homo sapiens";"Australian aboriginie"
"Posterior";"NMNH226092";6;6;331;23;0.25;"Homo sapiens";"Australian aboriginie"
"Premolar";"NMNH226092";4;4;331;23;0.25;"Homo sapiens";"Australian aboriginie"
"Anterior";"NMNH227455";0;12;10;2;0.5;"Homo sapiens";"Australian aboriginie"
"Posterior";"NMNH227455";0;12;10;2;0.5;"Homo sapiens";"Australian aboriginie"
"Premolar";"NMNH227455";0;8;10;2;0.5;"Homo sapiens";"Australian aboriginie"
"Anterior";"NMNH258483";0;12;144;133;0.25;"Homo sapiens";"Australian aboriginie"
"Posterior";"NMNH258483";0;12;144;133;0.25;"Homo sapiens";"Australian aboriginie"
"Premolar";"NMNH258483";0;8;144;133;0.25;"Homo sapiens";"Australian aboriginie"
"Anterior";"NMNH278701";8;12;185;229;0.25;"Homo sapiens";"Buriat"
"Posterior";"NMNH278701";7;12;185;229;0.25;"Homo sapiens";"Buriat"
"Premolar";"NMNH278701";4;8;185;229;0.25;"Homo sapiens";"Buriat"
"Anterior";"NMNH278702";3;12;109;136;0.25;"Homo sapiens";"Buriat"
"Posterior";"NMNH278702";5;11;109;136;0.25;"Homo sapiens";"Buriat"
"Premolar";"NMNH278702";4;8;109;136;0.25;"Homo sapiens";"Buriat"
"Anterior";"NMNH278703";0;12;296;9;0.25;"Homo sapiens";"Buriat"
"Posterior";"NMNH278703";6;9;296;9;0.25;"Homo sapiens";"Buriat"
"Premolar";"NMNH278703";0;8;296;9;0.25;"Homo sapiens";"Buriat"
"Anterior";"NMNH278704";0;12;57;56;0.25;"Homo sapiens";"Buriat"
"Posterior";"NMNH278704";0;12;57;56;0.25;"Homo sapiens";"Buriat"
"Premolar";"NMNH278704";0;8;57;56;0.25;"Homo sapiens";"Buriat"
"Anterior";"NMNH278705";10;12;331;23;0.25;"Homo sapiens";"Buriat"
"Posterior";"NMNH278705";12;12;331;23;0.25;"Homo sapiens";"Buriat"
"Premolar";"NMNH278705";6;8;331;23;0.25;"Homo sapiens";"Buriat"
"Anterior";"NMNH278706";1;12;208;246;0.5;"Homo sapiens";"Buriat"
"Posterior";"NMNH278706";5;12;208;246;0.5;"Homo sapiens";"Buriat"
"Premolar";"NMNH278706";0;8;208;246;0.5;"Homo sapiens";"Buriat"
"Anterior";"NMNH278707";5;12;177;224;0.75;"Homo sapiens";"Buriat"
"Posterior";"NMNH278707";2;12;177;224;0.75;"Homo sapiens";"Buriat"
"Premolar";"NMNH278707";0;8;177;224;0.75;"Homo sapiens";"Buriat"
"Anterior";"NMNH278708";0;12;88;95;0.25;"Homo sapiens";"Buriat"
"Posterior";"NMNH278708";0;12;88;95;0.25;"Homo sapiens";"Buriat"
"Premolar";"NMNH278708";0;8;88;95;0.25;"Homo sapiens";"Buriat"
"Anterior";"NMNH278709";6;12;52;52;0.25;"Homo sapiens";"Buriat"
"Posterior";"NMNH278709";5;10;52;52;0.25;"Homo sapiens";"Buriat"
"Premolar";"NMNH278709";5;8;52;52;0.25;"Homo sapiens";"Buriat"
"Anterior";"NMNH278710";0;12;93;115;0.5;"Homo sapiens";"Buriat"
"Posterior";"NMNH278710";0;12;93;115;0.5;"Homo sapiens";"Buriat"
"Premolar";"NMNH278710";0;8;93;115;0.5;"Homo sapiens";"Buriat"
"Anterior";"NMNH278711";0;12;246;275;0.5;"Homo sapiens";"Buriat"
"Posterior";"NMNH278711";2;11;246;275;0.5;"Homo sapiens";"Buriat"
"Premolar";"NMNH278711";0;8;246;275;0.5;"Homo sapiens";"Buriat"
"Anterior";"NMNH278712";0;11;224;235;0.25;"Homo sapiens";"Buriat"
"Posterior";"NMNH278712";2;11;224;235;0.25;"Homo sapiens";"Buriat"
"Premolar";"NMNH278712";1;8;224;235;0.25;"Homo sapiens";"Buriat"
"Anterior";"NMNH278713";0;12;52;52;0.25;"Homo sapiens";"(Buriat) Chinese?"
"Posterior";"NMNH278713";0;11;52;52;0.25;"Homo sapiens";"(Buriat) Chinese?"
"Premolar";"NMNH278713";0;8;52;52;0.25;"Homo sapiens";"(Buriat) Chinese?"
"Anterior";"NMNH278716";0;12;73;71;0.5;"Homo sapiens";"Buriat"
"Posterior";"NMNH278716";0;12;73;71;0.5;"Homo sapiens";"Buriat"
"Premolar";"NMNH278716";0;8;73;71;0.5;"Homo sapiens";"Buriat"
"Anterior";"NMNH283606";0;12;172;220;0.75;"Homo sapiens";"Buriat"
"Posterior";"NMNH283606";0;12;172;220;0.75;"Homo sapiens";"Buriat"
"Premolar";"NMNH283606";0;8;172;220;0.75;"Homo sapiens";"Buriat"
"Anterior";"NMNH283607";12;12;331;23;0.75;"Homo sapiens";"Buriat"
"Posterior";"NMNH283607";8;8;331;23;0.75;"Homo sapiens";"Buriat"
"Premolar";"NMNH283607";8;8;331;23;0.75;"Homo sapiens";"Buriat"
"Anterior";"NMNH283609a";0;12;203;241;0.75;"Homo sapiens";"Buriat"
"Posterior";"NMNH283609a";0;12;203;241;0.75;"Homo sapiens";"Buriat"
"Premolar";"NMNH283609a";0;8;203;241;0.75;"Homo sapiens";"Buriat"
"Anterior";"NMNH283613";0;12;143;188;0.75;"Homo sapiens";"Buriat"
"Posterior";"NMNH283613";0;12;143;188;0.75;"Homo sapiens";"Buriat"
"Premolar";"NMNH283613";0;8;143;188;0.75;"Homo sapiens";"Buriat"
"Anterior";"NMNH283615";0;12;296;9;0.75;"Homo sapiens";"Buriat"
"Posterior";"NMNH283615";1;12;296;9;0.75;"Homo sapiens";"Buriat"
"Premolar";"NMNH283615";0;8;296;9;0.75;"Homo sapiens";"Buriat"
"Anterior";"NMNH329778";0;12;70;44;0.25;"Homo sapiens";"Australian aboriginie"
"Posterior";"NMNH329778";0;13;70;44;0.25;"Homo sapiens";"Australian aboriginie"
"Premolar";"NMNH329778";0;8;70;44;0.25;"Homo sapiens";"Australian aboriginie"
"Anterior";"NMNH329779";2;12;297;274;0.75;"Homo sapiens";"Australian aboriginie"
"Posterior";"NMNH329779";0;12;297;274;0.75;"Homo sapiens";"Australian aboriginie"
"Premolar";"NMNH329779";0;8;297;274;0.75;"Homo sapiens";"Australian aboriginie"
"Anterior";"NMNH330604";0;12;99;74;0.75;"Homo sapiens";"Australian aboriginie"
"Posterior";"NMNH330604";0;12;99;74;0.75;"Homo sapiens";"Australian aboriginie"
"Premolar";"NMNH330604";0;8;99;74;0.75;"Homo sapiens";"Australian aboriginie"
"Anterior";"NMNH330605";0;6;296;9;0.75;"Homo sapiens";"Australian aboriginie"
"Posterior";"NMNH330605";2;3;296;9;0.75;"Homo sapiens";"Australian aboriginie"
"Premolar";"NMNH330605";0;4;296;9;0.75;"Homo sapiens";"Australian aboriginie"
"Anterior";"NMNH330606";0;6;296;9;0.25;"Homo sapiens";"Australian aboriginie"
"Posterior";"NMNH330606";2;4;296;9;0.25;"Homo sapiens";"Australian aboriginie"
"Premolar";"NMNH330606";1;4;296;9;0.25;"Homo sapiens";"Australian aboriginie"
"Anterior";"NMNH330607";2;3;258;233;0.5;"Homo sapiens";"Australian aboriginie"
"Posterior";"NMNH330607";0;3;258;233;0.5;"Homo sapiens";"Australian aboriginie"
"Premolar";"NMNH330607";1;2;258;233;0.5;"Homo sapiens";"Australian aboriginie"
"Anterior";"NMNH331242";2;12;221;215;0.75;"Homo sapiens";"Australian aboriginie"
"Posterior";"NMNH331242";0;12;221;215;0.75;"Homo sapiens";"Australian aboriginie"
"Premolar";"NMNH331242";0;8;221;215;0.75;"Homo sapiens";"Australian aboriginie"
"Anterior";"NMNH331243";0;12;292;270;0.75;"Homo sapiens";"Australian aboriginie"
"Posterior";"NMNH331243";0;12;292;270;0.75;"Homo sapiens";"Australian aboriginie"
"Premolar";"NMNH331243";0;8;292;270;0.75;"Homo sapiens";"Australian aboriginie"
"Anterior";"NMNH344711";0;12;245;231;0.75;"Homo sapiens";"Australian aboriginie"
"Posterior";"NMNH344711";1;12;245;231;0.75;"Homo sapiens";"Australian aboriginie"
"Premolar";"NMNH344711";1;8;245;231;0.75;"Homo sapiens";"Australian aboriginie"
"Anterior";"NMNH344712";0;11;127;117;0.5;"Homo sapiens";"Australian aboriginie"
"Posterior";"NMNH344712";0;12;127;117;0.5;"Homo sapiens";"Australian aboriginie"
"Premolar";"NMNH344712";0;7;127;117;0.5;"Homo sapiens";"Australian aboriginie"
"Anterior";"NMNH344713";0;6;250;236;0.25;"Homo sapiens";"Australian aboriginie"
"Posterior";"NMNH344713";0;6;250;236;0.25;"Homo sapiens";"Australian aboriginie"
"Premolar";"NMNH344713";2;4;250;236;0.25;"Homo sapiens";"Australian aboriginie"
"Anterior";"NMNH344714";0;12;204;198;0.25;"Homo sapiens";"Australian aboriginie"
"Posterior";"NMNH344714";0;12;204;198;0.25;"Homo sapiens";"Australian aboriginie"
"Premolar";"NMNH344714";0;8;204;198;0.25;"Homo sapiens";"Australian aboriginie"
"Anterior";"NMNH344715";0;12;236;227;0.25;"Homo sapiens";"Australian aboriginie"
"Posterior";"NMNH344715";2;12;236;227;0.25;"Homo sapiens";"Australian aboriginie"
"Premolar";"NMNH344715";0;8;236;227;0.25;"Homo sapiens";"Australian aboriginie"
"Anterior";"NMNH350096";0;12;268;262;0.75;"Homo sapiens";"Australian aboriginie"
"Posterior";"NMNH350096";0;12;268;262;0.75;"Homo sapiens";"Australian aboriginie"
"Premolar";"NMNH350096";0;8;268;262;0.75;"Homo sapiens";"Australian aboriginie"
"Anterior";"NMNH350097";0;12;165;159;0.75;"Homo sapiens";"Australian aboriginie"
"Posterior";"NMNH350097";0;12;165;159;0.75;"Homo sapiens";"Australian aboriginie"
"Premolar";"NMNH350097";0;8;165;159;0.75;"Homo sapiens";"Australian aboriginie"
"Anterior";"NMNH350098";0;12;134;126;0.75;"Homo sapiens";"Australian aboriginie"
"Posterior";"NMNH350098";0;12;134;126;0.75;"Homo sapiens";"Australian aboriginie"
"Premolar";"NMNH350098";0;8;134;126;0.75;"Homo sapiens";"Australian aboriginie"
"Anterior";"NMNH380429";9;12;170;61;0.75;"Homo sapiens";"Australian aboriginie"
"Posterior";"NMNH380429";9;11;170;61;0.75;"Homo sapiens";"Australian aboriginie"
"Premolar";"NMNH380429";8;8;170;61;0.75;"Homo sapiens";"Australian aboriginie"
"Anterior";"NMNH380430";4;12;204;198;0.25;"Homo sapiens";"Australian aboriginie"
"Posterior";"NMNH380430";5;12;204;198;0.25;"Homo sapiens";"Australian aboriginie"
"Premolar";"NMNH380430";0;8;204;198;0.25;"Homo sapiens";"Australian aboriginie"
"Anterior";"NMNH380431";9;12;329;18;0.75;"Homo sapiens";"Australian aboriginie"
"Posterior";"NMNH380431";9;12;329;18;0.75;"Homo sapiens";"Australian aboriginie"
"Premolar";"NMNH380431";5;8;329;18;0.75;"Homo sapiens";"Australian aboriginie"
"Anterior";"NMNH380447";0;12;121;105;0.75;"Homo sapiens";"Australian aboriginie"
"Posterior";"NMNH380447";2;12;121;105;0.75;"Homo sapiens";"Australian aboriginie"
"Premolar";"NMNH380447";1;8;121;105;0.75;"Homo sapiens";"Australian aboriginie"
"Anterior";"NMNH380448";0;12;38;4;0.25;"Homo sapiens";"Australian aboriginie"
"Posterior";"NMNH380448";0;12;38;4;0.25;"Homo sapiens";"Australian aboriginie"
"Premolar";"NMNH380448";0;8;38;4;0.25;"Homo sapiens";"Australian aboriginie"
"Anterior";"NMNH380449";1;6;142;131;0.75;"Homo sapiens";"Australian aboriginie"
"Posterior";"NMNH380449";0;6;142;131;0.75;"Homo sapiens";"Australian aboriginie"
"Premolar";"NMNH380449";0;4;142;131;0.75;"Homo sapiens";"Australian aboriginie"
"Anterior";"NMNH380450";1;6;191;181;0.75;"Homo sapiens";"Australian aboriginie"
"Posterior";"NMNH380450";0;6;191;181;0.75;"Homo sapiens";"Australian aboriginie"
"Premolar";"NMNH380450";0;4;191;181;0.75;"Homo sapiens";"Australian aboriginie"
"Anterior";"NMNH380451";1;6;284;265;0.75;"Homo sapiens";"Australian aboriginie"
"Posterior";"NMNH380451";1;7;284;265;0.75;"Homo sapiens";"Australian aboriginie"
"Premolar";"NMNH380451";0;4;284;265;0.75;"Homo sapiens";"Australian aboriginie"
"Anterior";"NMNH380452";0;6;217;212;0.75;"Homo sapiens";"Australian aboriginie"
"Posterior";"NMNH380452";0;6;217;212;0.75;"Homo sapiens";"Australian aboriginie"
"Premolar";"NMNH380452";0;4;217;212;0.75;"Homo sapiens";"Australian aboriginie"
"Anterior";"NMNH380453";0;12;234;225;0.75;"Homo sapiens";"Australian aboriginie"
"Posterior";"NMNH380453";0;12;234;225;0.75;"Homo sapiens";"Australian aboriginie"
"Premolar";"NMNH380453";0;8;234;225;0.75;"Homo sapiens";"Australian aboriginie"
"Anterior";"NMNH380464";0;12;250;236;0.75;"Homo sapiens";"Australian aboriginie"
"Posterior";"NMNH380464";0;12;250;236;0.75;"Homo sapiens";"Australian aboriginie"
"Premolar";"NMNH380464";0;8;250;236;0.75;"Homo sapiens";"Australian aboriginie"
"Anterior";"NMNH380466";0;9;275;266;0.25;"Homo sapiens";"Australian aboriginie"
"Posterior";"NMNH380466";0;9;275;266;0.25;"Homo sapiens";"Australian aboriginie"
"Premolar";"NMNH380466";0;6;275;266;0.25;"Homo sapiens";"Australian aboriginie"
"Anterior";"PMN1389";0;6;191;181;0.75;"Homo sapiens";"Australian aboriginie"
"Posterior";"PMN1389";0;6;191;181;0.75;"Homo sapiens";"Australian aboriginie"
"Premolar";"PMN1389";0;4;191;181;0.75;"Homo sapiens";"Australian aboriginie"
"Anterior";"PMN1390";0;12;121;105;0.25;"Homo sapiens";"Australian aboriginie"
"Posterior";"PMN1390";0;12;121;105;0.25;"Homo sapiens";"Australian aboriginie"
"Premolar";"PMN1390";0;8;121;105;0.25;"Homo sapiens";"Australian aboriginie"
"Anterior";"PMN1496";0;6;153;145;0.75;"Homo sapiens";"Australian aboriginie"
"Posterior";"PMN1496";0;6;153;145;0.75;"Homo sapiens";"Australian aboriginie"
"Premolar";"PMN1496";0;4;153;145;0.75;"Homo sapiens";"Australian aboriginie"
"Anterior";"PMN1497";0;6;139;129;0.75;"Homo sapiens";"Australian aboriginie"
"Posterior";"PMN1497";0;6;139;129;0.75;"Homo sapiens";"Australian aboriginie"
"Premolar";"PMN1497";0;4;139;129;0.75;"Homo sapiens";"Australian aboriginie"
"Anterior";"PMN3064";0;6;121;105;0.75;"Homo sapiens";"Australian aboriginie"
"Posterior";"PMN3064";0;5;121;105;0.75;"Homo sapiens";"Australian aboriginie"
"Premolar";"PMN3064";0;4;121;105;0.75;"Homo sapiens";"Australian aboriginie"
"Anterior";"PMN3064A";0;12;282;263;0.75;"Homo sapiens";"Australian aboriginie"
"Posterior";"PMN3064A";0;12;282;263;0.75;"Homo sapiens";"Australian aboriginie"
"Premolar";"PMN3064A";0;8;282;263;0.75;"Homo sapiens";"Australian aboriginie"
"Anterior";"PMN3065";0;6;184;68;0.5;"Homo sapiens";"Australian aboriginie"
"Posterior";"PMN3065";0;6;184;68;0.5;"Homo sapiens";"Australian aboriginie"
"Premolar";"PMN3065";0;4;184;68;0.5;"Homo sapiens";"Australian aboriginie"
"Anterior";"PMN7459";4;12;146;137;0.75;"Homo sapiens";"Australian aboriginie"
"Posterior";"PMN7459";1;12;146;137;0.75;"Homo sapiens";"Australian aboriginie"
"Premolar";"PMN7459";0;8;146;137;0.75;"Homo sapiens";"Australian aboriginie"
"Anterior";"UCD2(1)b";0;8;281;261;0.5;"Homo sapiens";"Native Californian"
"Posterior";"UCD2(1)b";0;9;281;261;0.5;"Homo sapiens";"Native Californian"
"Premolar";"UCD2(1)b";0;6;281;261;0.5;"Homo sapiens";"Native Californian"
"Anterior";"UCD2(10.1)b";2;12;276;258;0.5;"Homo sapiens";"Native Californian"
"Posterior";"UCD2(10.1)b";1;11;276;258;0.5;"Homo sapiens";"Native Californian"
"Premolar";"UCD2(10.1)b";2;8;276;258;0.5;"Homo sapiens";"Native Californian"
"Anterior";"UCD2(16)b";0;12;273;253;0.5;"Homo sapiens";"Native Californian"
"Posterior";"UCD2(16)b";1;12;273;253;0.5;"Homo sapiens";"Native Californian"
"Premolar";"UCD2(16)b";0;8;273;253;0.5;"Homo sapiens";"Native Californian"
"Anterior";"UCD2(2)b";0;11;151;143;0.5;"Homo sapiens";"Native Californian"
"Posterior";"UCD2(2)b";0;11;151;143;0.5;"Homo sapiens";"Native Californian"
"Premolar";"UCD2(2)b";0;8;151;143;0.5;"Homo sapiens";"Native Californian"
"Anterior";"UCD2(3a)b";0;12;298;277;0.5;"Homo sapiens";"Native Californian"
"Posterior";"UCD2(3a)b";1;10;298;277;0.5;"Homo sapiens";"Native Californian"
"Premolar";"UCD2(3a)b";0;8;298;277;0.5;"Homo sapiens";"Native Californian"
"Anterior";"UCD2(6)b";0;12;266;244;0.5;"Homo sapiens";"Native Californian"
"Posterior";"UCD2(6)b";0;12;266;244;0.5;"Homo sapiens";"Native Californian"
"Premolar";"UCD2(6)b";0;8;266;244;0.5;"Homo sapiens";"Native Californian"
"Anterior";"UCD2(8)b";1;12;298;277;0.5;"Homo sapiens";"Native Californian"
"Posterior";"UCD2(8)b";2;12;298;277;0.5;"Homo sapiens";"Native Californian"
"Premolar";"UCD2(8)b";2;8;298;277;0.5;"Homo sapiens";"Native Californian"
"Anterior";"UCD2(L-23-1)b";1;13;251;226;0.5;"Homo sapiens";"Native Californian"
"Posterior";"UCD2(L-23-1)b";0;12;251;226;0.5;"Homo sapiens";"Native Californian"
"Premolar";"UCD2(L-23-1)b";0;8;251;226;0.5;"Homo sapiens";"Native Californian"
"Anterior";"UVS1";0;12;108;69;0.75;"Homo sapiens";"Khoi-San"
"Posterior";"UVS1";0;12;108;69;0.75;"Homo sapiens";"Khoi-San"
"Premolar";"UVS1";0;8;108;69;0.75;"Homo sapiens";"Khoi-San"
"Anterior";"UVS10";0;12;136;107;0.75;"Homo sapiens";"Khoi-San"
"Posterior";"UVS10";0;12;136;107;0.75;"Homo sapiens";"Khoi-San"
"Premolar";"UVS10";0;8;136;107;0.75;"Homo sapiens";"Khoi-San"
"Anterior";"UVS101";0;12;103;63;0.25;"Homo sapiens";"Khoi-San"
"Posterior";"UVS101";0;12;103;63;0.25;"Homo sapiens";"Khoi-San"
"Premolar";"UVS101";0;8;103;63;0.25;"Homo sapiens";"Khoi-San"
"Anterior";"UVS102";0;12;166;139;0.25;"Homo sapiens";"Khoi-San"
"Posterior";"UVS102";0;12;166;139;0.25;"Homo sapiens";"Khoi-San"
"Premolar";"UVS102";0;8;166;139;0.25;"Homo sapiens";"Khoi-San"
"Anterior";"UVS104";0;12;103;63;0.75;"Homo sapiens";"Khoi-San"
"Posterior";"UVS104";0;12;103;63;0.75;"Homo sapiens";"Khoi-San"
"Premolar";"UVS104";0;8;103;63;0.75;"Homo sapiens";"Khoi-San"
"Anterior";"UVS105";0;9;302;214;0.25;"Homo sapiens";"Khoi-San"
"Posterior";"UVS105";3;10;302;214;0.25;"Homo sapiens";"Khoi-San"
"Premolar";"UVS105";2;8;302;214;0.25;"Homo sapiens";"Khoi-San"
"Anterior";"UVS119";0;6;103;63;0.75;"Homo sapiens";"Khoi-San"
"Posterior";"UVS119";0;6;103;63;0.75;"Homo sapiens";"Khoi-San"
"Premolar";"UVS119";0;4;103;63;0.75;"Homo sapiens";"Khoi-San"
"Anterior";"UVS12";0;6;189;160;0.75;"Homo sapiens";"Khoi-San or bushman half-caste"
"Posterior";"UVS12";0;6;189;160;0.75;"Homo sapiens";"Khoi-San or bushman half-caste"
"Premolar";"UVS12";0;4;189;160;0.75;"Homo sapiens";"Khoi-San or bushman half-caste"
"Anterior";"UVS125";10;12;257;319;0.25;"Homo sapiens";"Khoi-San"
"Posterior";"UVS125";12;12;257;319;0.25;"Homo sapiens";"Khoi-San"
"Premolar";"UVS125";8;8;257;319;0.25;"Homo sapiens";"Khoi-San"
"Anterior";"UVS142";0;12;60;8;0.25;"Homo sapiens";"Khoi-San"
"Posterior";"UVS142";0;12;60;8;0.25;"Homo sapiens";"Khoi-San"
"Premolar";"UVS142";0;8;60;8;0.25;"Homo sapiens";"Khoi-San"
"Anterior";"UVS2";0;12;189;160;0.25;"Homo sapiens";"Khoi-San"
"Posterior";"UVS2";0;12;189;160;0.25;"Homo sapiens";"Khoi-San"
"Premolar";"UVS2";0;8;189;160;0.25;"Homo sapiens";"Khoi-San"
"Anterior";"UVS22";7;12;133;97;0.75;"Homo sapiens";"Khoi-San"
"Posterior";"UVS22";4;12;133;97;0.75;"Homo sapiens";"Khoi-San"
"Premolar";"UVS22";0;8;133;97;0.75;"Homo sapiens";"Khoi-San"
"Anterior";"UVS24";2;9;182;155;0.75;"Homo sapiens";"Khoi-San"
"Posterior";"UVS24";0;12;182;155;0.75;"Homo sapiens";"Khoi-San"
"Premolar";"UVS24";0;8;182;155;0.75;"Homo sapiens";"Khoi-San"
"Anterior";"UVS28";3;6;257;319;0.25;"Homo sapiens";"Khoi-San"
"Posterior";"UVS28";2;5;257;319;0.25;"Homo sapiens";"Khoi-San"
"Premolar";"UVS28";1;4;257;319;0.25;"Homo sapiens";"Khoi-San"
"Anterior";"UVS29";0;12;81;43;0.75;"Homo sapiens";"Khoi-San or bushman half-caste"
"Posterior";"UVS29";0;12;81;43;0.75;"Homo sapiens";"Khoi-San or bushman half-caste"
"Premolar";"UVS29";0;8;81;43;0.75;"Homo sapiens";"Khoi-San or bushman half-caste"
"Anterior";"UVS3";0;12;162;130;0.75;"Homo sapiens";"Khoi-San"
"Posterior";"UVS3";0;12;162;130;0.75;"Homo sapiens";"Khoi-San"
"Premolar";"UVS3";0;8;162;130;0.75;"Homo sapiens";"Khoi-San"
"Anterior";"UVS34";0;6;166;139;0.5;"Homo sapiens";"Khoi-San or bushman half-caste"
"Posterior";"UVS34";0;6;166;139;0.5;"Homo sapiens";"Khoi-San or bushman half-caste"
"Premolar";"UVS34";0;4;166;139;0.5;"Homo sapiens";"Khoi-San or bushman half-caste"
"Anterior";"UVS38";0;12;119;83;0.25;"Homo sapiens";"Khoi-San"
"Posterior";"UVS38";0;12;119;83;0.25;"Homo sapiens";"Khoi-San"
"Premolar";"UVS38";0;8;119;83;0.25;"Homo sapiens";"Khoi-San"
"Anterior";"UVS40";0;12;190;153;0.25;"Homo sapiens";"Khoi-San"
"Posterior";"UVS40";0;12;190;153;0.25;"Homo sapiens";"Khoi-San"
"Premolar";"UVS40";0;8;190;153;0.25;"Homo sapiens";"Khoi-San"
"Anterior";"UVS42";0;6;119;83;0.75;"Homo sapiens";"Khoi-San"
"Posterior";"UVS42";0;6;119;83;0.75;"Homo sapiens";"Khoi-San"
"Premolar";"UVS42";0;4;119;83;0.75;"Homo sapiens";"Khoi-San"
"Anterior";"UVS45";8;12;294;331;0.25;"Homo sapiens";"Khoi-San"
"Posterior";"UVS45";6;8;294;331;0.25;"Homo sapiens";"Khoi-San"
"Premolar";"UVS45";6;8;294;331;0.25;"Homo sapiens";"Khoi-San"
"Anterior";"UVS46";0;12;49;5;0.25;"Homo sapiens";"Khoi-San"
"Posterior";"UVS46";0;12;49;5;0.25;"Homo sapiens";"Khoi-San"
"Premolar";"UVS46";0;8;49;5;0.25;"Homo sapiens";"Khoi-San"
"Anterior";"UVS49";1;13;169;144;0.25;"Homo sapiens";"Khoi-San or bushman half-caste"
"Posterior";"UVS49";0;12;169;144;0.25;"Homo sapiens";"Khoi-San or bushman half-caste"
"Premolar";"UVS49";0;8;169;144;0.25;"Homo sapiens";"Khoi-San or bushman half-caste"
"Anterior";"UVS52";0;12;216;191;0.25;"Homo sapiens";"Khoi-San or bushman half-caste"
"Posterior";"UVS52";0;12;216;191;0.25;"Homo sapiens";"Khoi-San or bushman half-caste"
"Premolar";"UVS52";0;8;216;191;0.25;"Homo sapiens";"Khoi-San or bushman half-caste"
"Anterior";"UVS55";10;11;212;335;0.25;"Homo sapiens";"Khoi-San or bushman half-caste"
"Posterior";"UVS55";6;8;212;335;0.25;"Homo sapiens";"Khoi-San or bushman half-caste"
"Premolar";"UVS55";8;8;212;335;0.25;"Homo sapiens";"Khoi-San or bushman half-caste"
"Anterior";"UVS56";12;12;301;9;0.25;"Homo sapiens";"Khoi-San or bushman half-caste"
"Posterior";"UVS56";8;10;301;9;0.25;"Homo sapiens";"Khoi-San or bushman half-caste"
"Premolar";"UVS56";7;8;301;9;0.25;"Homo sapiens";"Khoi-San or bushman half-caste"
"Anterior";"UVS57";0;12;108;69;0.25;"Homo sapiens";"Khoi-San or bushman half-caste"
"Posterior";"UVS57";0;12;108;69;0.25;"Homo sapiens";"Khoi-San or bushman half-caste"
"Premolar";"UVS57";2;8;108;69;0.25;"Homo sapiens";"Khoi-San or bushman half-caste"
"Anterior";"UVS58";0;6;128;90;0.25;"Homo sapiens";"Khoi-San or bushman half-caste"
"Posterior";"UVS58";0;6;128;90;0.25;"Homo sapiens";"Khoi-San or bushman half-caste"
"Premolar";"UVS58";0;4;128;90;0.25;"Homo sapiens";"Khoi-San or bushman half-caste"
"Anterior";"UVS59";0;12;74;37;0.25;"Homo sapiens";"Khoi-San or bushman half-caste"
"Posterior";"UVS59";0;12;74;37;0.25;"Homo sapiens";"Khoi-San or bushman half-caste"
"Premolar";"UVS59";0;8;74;37;0.25;"Homo sapiens";"Khoi-San or bushman half-caste"
"Anterior";"UVS60";0;6;103;63;0.25;"Homo sapiens";"Khoi-San or bushman half-caste"
"Posterior";"UVS60";0;6;103;63;0.25;"Homo sapiens";"Khoi-San or bushman half-caste"
"Premolar";"UVS60";0;4;103;63;0.25;"Homo sapiens";"Khoi-San or bushman half-caste"
"Anterior";"UVS62";0;6;81;43;0.25;"Homo sapiens";"Khoi-San or bushman half-caste"
"Posterior";"UVS62";0;6;81;43;0.25;"Homo sapiens";"Khoi-San or bushman half-caste"
"Premolar";"UVS62";0;4;81;43;0.25;"Homo sapiens";"Khoi-San or bushman half-caste"
"Anterior";"UVS63";4;12;193;166;0.25;"Homo sapiens";"Khoi-San or bushman half-caste"
"Posterior";"UVS63";4;12;193;166;0.25;"Homo sapiens";"Khoi-San or bushman half-caste"
"Premolar";"UVS63";2;8;193;166;0.25;"Homo sapiens";"Khoi-San or bushman half-caste"
"Anterior";"UVS67";1;12;140;113;0.75;"Homo sapiens";"Khoi-San or bushman half-caste"
"Posterior";"UVS67";0;12;140;113;0.75;"Homo sapiens";"Khoi-San or bushman half-caste"
"Premolar";"UVS67";0;8;140;113;0.75;"Homo sapiens";"Khoi-San or bushman half-caste"
"Anterior";"UVS68";0;12;60;8;0.75;"Homo sapiens";"Khoi-San or bushman half-caste"
"Posterior";"UVS68";0;12;60;8;0.75;"Homo sapiens";"Khoi-San or bushman half-caste"
"Premolar";"UVS68";0;8;60;8;0.75;"Homo sapiens";"Khoi-San or bushman half-caste"
"Anterior";"UVS76";0;12;108;69;0.75;"Homo sapiens";"Khoi-San or bushman half-caste"
"Posterior";"UVS76";0;12;108;69;0.75;"Homo sapiens";"Khoi-San or bushman half-caste"
"Premolar";"UVS76";0;8;108;69;0.75;"Homo sapiens";"Khoi-San or bushman half-caste"
